科目名,先生,学期,学年,科目群,授業形態,単位数,評価,URL
哲学,三平正明,前期,,総合教育科目,対面授業（一部遠隔授業）,2,授業内テスト(50%)、授業参画度(50%) 【授業参画度】は小テスト等によって評価します。 【授業内テスト】は、最終回に実施します。 ＊授業達成目標の A-1-3 と A-4-3 は、授業における学修の積み重ねの結果、授業の最後に達成されます。そして、その評価は、授業参画度と授業内テストをあわせて行われます。,https://syllabus.chs.nihon-u.ac.jp/op/syllabus95049.html
哲学,三平正明,後期,,総合教育科目,対面授業（一部遠隔授業）,2,授業内テスト(50%)、授業参画度(50%) 【授業参画度】は小テスト等によって評価します。 【授業内テスト】は、最終回に実施します。 ＊授業達成目標の A-1-3 と A-4-3 は、授業における学修の積み重ねの結果、授業の最後に達成されます。そして、その評価は、授業参画度と授業内テストをあわせて行われます。,https://syllabus.chs.nihon-u.ac.jp/op/syllabus95050.html
論理学,高取正大,後期,,総合教育科目,対面授業,2,授業内テスト:授業内テストは中間テストと期末テストを合わせて評価します。(60%)、授業参画度:授業参画度は毎回のリアクションペーパーで評価します。(40%),https://syllabus.chs.nihon-u.ac.jp/op/syllabus99493.html
倫理学,磯部笑子,前期,,総合教育科目,対面授業,2,授業内テスト(44%)、授業参画度:課題(56%) 授業参画度は、アンケートの提出を通して、「省察力(A-8-1)」を評価する。,https://syllabus.chs.nihon-u.ac.jp/op/syllabus95052.html
倫理学,磯部笑子,後期,,総合教育科目,対面授業,2,授業内テスト(44%)、授業参画度:課題(56%) 授業参画度は、アンケートの提出を通して、「省察力(A-8-1)」を評価する。,https://syllabus.chs.nihon-u.ac.jp/op/syllabus95053.html
美学,櫻井一成,前期,,総合教育科目,対面授業,2,試験(90%)、授業参画度:リアクション・ペーパーの内容など(10%) 期末テストで、授業内容を理解することができているかを確認します。 〈問題を共有し、共に考える〉という観点からリアクション・ペーパーを評価します。 成績評価の仕方については、初回の授業でより詳しく説明する予定です。,https://syllabus.chs.nihon-u.ac.jp/op/syllabus95054.html
美学,高橋陽一郎,後期,,総合教育科目,対面授業,2,試験(70%)、授業参画度:学期内に3回課すリアクションペーパー(30%) 履修の修正期間が終了した直後から12回の出席を取り、そのうち7回以上の出席をもって、成績評価を受ける資格を有するものとします（出席が6回までの人は自動的にD判定となります）。,https://syllabus.chs.nihon-u.ac.jp/op/syllabus95055.html
宗教学,冨田真浩,前期,,総合教育科目,対面授業,2,授業内テスト:第７回と第１３回の全２回実施します。それぞれ50％で評価します。(100%) 出欠はとりませんが，すべての授業に遅刻せずに参加することを前提として，全２回の授業内テストで評価します。 片方でも授業内試験を欠席された場合は単位を認定できません。 授業内テストは，持ち込み不可の筆記形式と授業参画度を見るための論述形式の複合的な試験とします。,https://syllabus.chs.nihon-u.ac.jp/op/syllabus95056.html
宗教学,冨田真浩,後期,,総合教育科目,対面授業,2,授業内テスト:第７回と第１３回の全２回実施します。それぞれ50％で評価します。(100%) 出欠はとりませんが，すべての授業に遅刻せずに参加することを前提として，全２回の授業内テストで評価します。 片方でも授業内試験を欠席された場合は単位を認定できません。 授業内テストは，持ち込み不可の筆記形式と授業参画度を見るための論述形式の複合的な試験とします。,https://syllabus.chs.nihon-u.ac.jp/op/syllabus95057.html
歴史学,高井康行,後期,,総合教育科目,対面授業,2,レポート(60%)、授業参画度(40%) ・授業参画度は、授業内でのディスカッション参画の積極性および小レポートなどにより評価する。 ・小レポート（4回実施予定）は対応する授業回の内容に即したものになっているか否か、期末レポートは史料批判の方法論を踏まえたものになっているか否かにより評価する。 ・対面授業に参加できない用件を満たし、Zoomまたは録画配信によって参加した場合も、上記の各小レポート・期末レポートの提出によって評価する。対面授業での評価と差が出ることはない。,https://syllabus.chs.nihon-u.ac.jp/op/syllabus95058.html
歴史学,杉田建斗,前期,,総合教育科目,対面授業,2,試験(50%)、授業内テスト:第2～14回に毎回行う小テストで評価します〔小テストの受験は授業への出席を前提とします〕(35%)、授業参画度:リアクションペーパーで評価します(15%),https://syllabus.chs.nihon-u.ac.jp/op/syllabus95059.html
考古学,小泉龍人,前期,,総合教育科目,対面授業（一部遠隔授業）,2,"レポート:授業内容を理解して目標に到達しているかどうか、参考文献を適切に引用して考察しているかどうかを評価(60%)、授業内テスト:適宜、授業中にリアクションペーパーを実施して、授業の理解度を評価(20%)、授業参画度:授業マナー、LMSディスカッションへの投稿、講師からの問い掛けへの対応などを評価(20%) 【期末レポート】授業にて解説予定の「期末レポートの書き方」を確認した上で、レポート（2,000字前後）を期日までにCanvas LMS課題にて提出する。 【授業内テスト】対面参加者は教室にて用紙に記入して提出、オンライン参加者はメールにて提出（いずれも授業時間内受付）。オンデマンド視聴者は別途指示。 【授業参画度】遅刻（無断・遅延オンライン参加含む）２回で欠席扱い。授業中、講師から意見等を求められたら自身の考えなどを率直に述べ、授業マナーを守る（私語・食事等の授業の妨げとなる言動、授業に関係のない行為は慎む）。ディスカッションへ積極的に投稿する。",https://syllabus.chs.nihon-u.ac.jp/op/syllabus95060.html
文学,康潤伊,前期,,総合教育科目,対面授業,2,レポート:期末レポート(50%)、授業参画度:リアクションペーパーの内容(50%),https://syllabus.chs.nihon-u.ac.jp/op/syllabus95061.html
文学,堀切大史,後期,,総合教育科目,対面授業,2,授業内テスト(20%)、感想文(80%) 毎回提出する感想文および学期末に行う授業内テストによって評価します。,https://syllabus.chs.nihon-u.ac.jp/op/syllabus95062.html
言語学,松﨑寛,後期,,総合教育科目,対面授業,2,試験(40%)、レポート:毎回授業後に課題を出す。14回×5点(60%) 毎週の課題は、解答があっていても解説が間違っていたら０点。解説を写しあっている者は双方０点。,https://syllabus.chs.nihon-u.ac.jp/op/syllabus95063.html
民俗学,野村典彦,前期,,総合教育科目,対面授業,2,レポート:中間課題と期末課題。詳細は授業内で指示する。(85%)、授業内テスト(5%)、授業参画度(5%)、授業時提出物(5%) 中間課題と期末課題の比は「４対６」とする。 期末課題が提出されなければ評価は「不可」とする。,https://syllabus.chs.nihon-u.ac.jp/op/syllabus95064.html
民俗学,斎藤弘美,前期,,総合教育科目,対面授業,2,"レポート:学修したテーマ・内容をもとに独自に調査・研究した期末レポートを提出することでA1,2,3の理解度・達成度を確認し評価する(40%)、授業参画度:リアクションコメントの内容により自ら考え学ぶ姿勢とA1,2,3理解度・達成度を評価(60%) 病欠等、申告により認められた欠席の場合は、期末レポート提出と同時期に公表する欠席者用特別課題を提出することにより、授業参画度評価を行います。提出に当たっては、事前あるいは事後に理由を記載した欠席届をメール等により提出し、やむなしと認められていることを条件とします。 期末レポートおよび欠席者用特別課題はCanvasLMS上に提出してください。",https://syllabus.chs.nihon-u.ac.jp/op/syllabus95065.html
民俗学,斎藤弘美,後期,,総合教育科目,対面授業,2,"レポート:学修したテーマ・内容をもとに独自に調査・研究した期末レポートを提出することでA1,2,3の理解度・達成度を確認し評価する(40%)、授業参画度:リアクションコメントの内容により自ら考え学ぶ姿勢とA1,2,3理解度・達成度を評価(60%) 病欠、忌引き、就職活動等、申告によりやむを得ないと認められた欠席の場合は、期末レポートと同時期に公表する欠席者用特別課題の提出により、授業参画度評価を行います。提出に当たっては、事前あるいは事後に欠席理由を標記したメールを送信し、教員よりやむなしと認められていることを条件とします。 期末レポートおよび欠席者用特別課題はCanvasLMS上に提出してください。",https://syllabus.chs.nihon-u.ac.jp/op/syllabus95066.html
「生きる」ことの哲学,鈴木生郎,前期,,総合教育科目,対面授業,2,レポート(70%)、授業参画度:毎回のテストに基づいて評価します。(30%),https://syllabus.chs.nihon-u.ac.jp/op/syllabus95067.html
「生きる」ことの哲学,鈴木生郎,後期,,総合教育科目,対面授業,2,レポート(70%)、授業参画度:毎回のテストに基づいて評価します。(30%),https://syllabus.chs.nihon-u.ac.jp/op/syllabus95068.html
現代思想論,渡辺彰規,後期,,総合教育科目,対面授業,2,授業内テスト:中間試験，期末試験を行い，その点数を評価する。(80%)、授業参画度:リアクションペーパーの提出状況を踏まえて評価する。(20%) 授業参画度は授業出席回数を意味するものではなく、授業内容の理解度をリアクションペーパーの提出状況から判断します。つまり，現代的な課題に対する論理的・批判的思考力(A-3-1)、継続性をもった考察力(A-8-1)の修得状況の評価で判断します。 また，中間支援と期末試験においては，重要概念の理解度や論述の適正さ、倫理的課題に対する理解・説明力(A-1-1)を評価します。,https://syllabus.chs.nihon-u.ac.jp/op/syllabus95069.html
異文化間コミュニケーション論,大川謙作,前期,,総合教育科目,対面授業,2,試験(50%)、授業参画度:授業参画度は毎回の課題の提出状況およびその出来によって判断する。(50%) ・15回授業終了後の試験期間（第16週）に期末試験を実施する。 （試験が実施される曜限は授業実施の曜日・時限とは異なるので注意し、試験期間は予定を空けておくこと。試験の時刻が決定されるのは通常かなり遅く、そこからでは予定調整が間に合わない可能性が高いので今から予定を空けるようにしておくこと）,https://syllabus.chs.nihon-u.ac.jp/op/syllabus95070.html
異文化間コミュニケーション論,リテイ,前期,,総合教育科目,対面授業,2,レポート(30%)、授業参画度(30%)、課題(40%),https://syllabus.chs.nihon-u.ac.jp/op/syllabus95071.html
日本の歴史・社会・文化,久保隆司,前期,,総合教育科目,対面授業,2,レポート:求めるテーマと内容、提出状況をみて評価します。(30%)、授業内テスト:2回予定している小テストを合わせて評価します。(30%)、授業参画度:毎週のリアクションペーパー等で評価します。(40%),https://syllabus.chs.nihon-u.ac.jp/op/syllabus95072.html
日本の歴史・社会・文化,門脇大,前期,,総合教育科目,対面授業,2,授業内テスト(100%) 出席は成績評価に含めないが、2/3以上の欠席がある場合は評価の対象外とする。,https://syllabus.chs.nihon-u.ac.jp/op/syllabus95073.html
欧米の歴史・社会・文化,山本興一郎,前期,,総合教育科目,対面授業,2,授業内テスト(50%)、授業参画度(50%) 授業内テスト（50％）：第15回授業時に実施する。設問に対し、授業内容を踏まえた論述ができているかで評価する。 授業参画度（50％）：毎回の授業内容を確認するための小課題で評価する。 ＊小課題について：授業に出席し、当該授業をどれだけ理解したか復習を兼ねて確認するために小課題（授業参画度評価対象）を課しているので、当該授業欠席者から提出された小課題は評価対象外とする。 ＊「〆切後」に提出された小課題は評価対象外とする。,https://syllabus.chs.nihon-u.ac.jp/op/syllabus95074.html
欧米の歴史・社会・文化,堀切大史,前期,,総合教育科目,対面授業,2,授業内テスト(20%)、感想文(80%) 毎回提出する感想文および学期末に行う授業内テストによって評価します。,https://syllabus.chs.nihon-u.ac.jp/op/syllabus95075.html
欧米の歴史・社会・文化,井関正久,後期,,総合教育科目,対面授業,2,"試験(100%) 論述試験によって（A-1,A-2,A-3）に関して評価する。",https://syllabus.chs.nihon-u.ac.jp/op/syllabus95076.html
欧米の歴史・社会・文化,飯塚遼,前期,,総合教育科目,対面授業,2,レポート:求めるテーマと内容、提出状況をみて評価する。(20%)、授業内テスト:期末テストを行う。(70%)、授業参画度:Blackboardを通じたチェックテストで評価する。(10%),https://syllabus.chs.nihon-u.ac.jp/op/syllabus95077.html
アジアの歴史・社会・文化,熱田敬子,後期,,総合教育科目,対面授業（一部遠隔授業）,2,レポート(50%)、授業参画度:課題の提出状況、ディスカッションやグループワークへの参加で評価する(30%)、中間課題を課す(20%) 生成AIに丸投げで論理構成を行った課題は、自分自身が他者に説明可能な論理構成を行うことを怠ったという点で、厳しく評価します。 また生成AIを利用した不正を防ぐため、各回の課題などはコピーアンドペーストができない入力フォーマットを提示する。,https://syllabus.chs.nihon-u.ac.jp/op/syllabus95078.html
アジアの歴史・社会・文化,多々良圭介,前期,,総合教育科目,対面授業,2,レポート:授業内で提示される定期レポートを解答・提出して下さい(50%)、授業内テスト:各回ごとに提示される課題を解答・提出して下さい(20%)、授業参画度(30%),https://syllabus.chs.nihon-u.ac.jp/op/syllabus95079.html
イスラム圏の歴史・社会・文化,臼杵悠,前期,,総合教育科目,対面授業,2,授業内テスト:期末試験を行い、その点数を評価します。(40%)、授業参画度:Canvas LMSを用いた課題提出（選択問題や短い記述等）、もしくはグループワーク（実施する場合は数分ほどの発表時間を設けます）のいずれかを毎回行い、その内容を評価します。(60%) ・５回以上欠席した場合は特段の事情がない限り、単位を出すことができません。 ・試験を受けなかった（もしくはそれに準ずるレポートを提出しなかった）場合は、単位を出すことができません。,https://syllabus.chs.nihon-u.ac.jp/op/syllabus95080.html
イスラム圏の歴史・社会・文化,六辻彰二,後期,,総合教育科目,遠隔授業（オンデマンド型）,2,レポート:学期末レポート(70%)、小テスト(30%) 小テストはCanvas LMSを通じて半期で3回、授業時間外に提出する。 学期末にレポート課題を提出する。,https://syllabus.chs.nihon-u.ac.jp/op/syllabus95081.html
美術史,伊藤已令,前期,,総合教育科目,対面授業,2,試験(50%)、授業参画度:課題、発言(50%) 定期試験と授業参画度によって評価します。,https://syllabus.chs.nihon-u.ac.jp/op/syllabus95082.html
美術史,郭在祐,前期,,総合教育科目,対面授業,2,レポート:授業内容によって事前に知らせます。(30%)、授業内テスト:授業内容によって小テスト(鑑賞文め意見)をします。(50%)、授業参画度:毎回出席は取ります。部活活動での欠席は認めません。(20%) 授業内での積極的な発言や発表の内容により評価する。そして、課題の提出率及び内容により評価する。 レポートは、提出された課題によって評価する。,https://syllabus.chs.nihon-u.ac.jp/op/syllabus95083.html
美術史,金子馨,後期,,総合教育科目,対面授業,2,授業内テスト:授業時に確認テストを行う(60%)、授業参画度:受講姿勢のほか、毎時間のリアクションペーパーの回答内容や提出物など(40%) 授業内に実施する確認テストや授業の参画度をもとに総合的に判断する。状況に応じて、レポートなどの課題も課す。 なお、出席が３分の２に満たない場合は、評価の対象外とする。,https://syllabus.chs.nihon-u.ac.jp/op/syllabus95084.html
演劇論,星野高,後期,,総合教育科目,対面授業,2,試験(60%)、授業内テスト:小テスト(30%)、授業参画度:授業内容に関するコメントなどの提出状況(10%),https://syllabus.chs.nihon-u.ac.jp/op/syllabus95085.html
演劇論,元氏久美子,後期,,総合教育科目,対面授業,2,レポート(25%)、授業参画度(75%) 授業参画度は毎回の課題等で評価する。,https://syllabus.chs.nihon-u.ac.jp/op/syllabus95086.html
映像文化論,櫻井一成,後期,,総合教育科目,対面授業,2,試験(90%)、授業参画度:リアクション・ペーパーの内容など(10%) 授業内試験により、授業内容を理解することができているかを確認します。 受講者が多い場合、授業内試験に加え、LMS上でレポート課題に取り組んでもらう場合があります（問題の総量に変更はありません）。 〈問題を共有し、共に考える〉という観点からリアクション・ペーパーを評価します。,https://syllabus.chs.nihon-u.ac.jp/op/syllabus95087.html
映像文化論,三澤真美恵,後期,,総合教育科目,対面授業（一部遠隔授業）,2,試験(70%)、授業参画度(30%) 授業参画度は授業内で実施するクイズやミニッツ・ペーパー、ディスカッションなどによって評価する。,https://syllabus.chs.nihon-u.ac.jp/op/syllabus95088.html
映像文化論,舘けさみ,前期,,総合教育科目,対面授業,2,授業内テスト:第14回授業内試験(40%)、授業参画度:授業参画度は課題の提出状況およびその内容によって評価する。(60%) 授業参画度を測る課題は６回行う予定。但し授業進捗状況により回数を変更する場合がある。,https://syllabus.chs.nihon-u.ac.jp/op/syllabus95089.html
映像文化論,遠山純生,前期,,総合教育科目,対面授業,2,授業内テスト:中間試験、期末試験(80%)、授業参画度:リアクションペーパー(20%) （１）対⾯授業に参加できない場合の要件を満たし，Zoom で参加した場合，課題の提出によって評価する。 （２）やむを得ない事情により授業内試験を受けられない場合，レポート（テーマは個別に指示する）の提出によって評価する。,https://syllabus.chs.nihon-u.ac.jp/op/syllabus95090.html
身体表現論,高山昇,後期,,総合教育科目,対面授業（ハイフレックス型）,2,レポート:中間＆最終(40%)、リアクションペーパー（毎授業の振り返りコメント）(60%) ■期間中2/3（10回）以上の出席（リアクションペーパーの提出をもって出席をカウントします）を満たした学生を対象に成績評価を行います。リアクションペーパーやレポートは、課題が求めている記述内容と提出状況によって評価を行います。課題の提出は、指定された期日と時間を厳守して下さい。期限を過ぎた提出物については、成績評価に算入しません。リアクションペーパーとレポートを総合し、60％以上の得点者を合格とします。 ■リフレクションシートや課題の提出に関わる不正行為（授業に出ていないのに提出する。他人のコメントを盗用するなど。）には厳正に対処します。不正が発覚した場合は、各所属学科に報告した上で成績評価対象者から除外し、この科目を不合格とします。,https://syllabus.chs.nihon-u.ac.jp/op/syllabus95231.html
教育と人間理解 身体表現論,西牧謙吾,後期,,総合教育科目,対面授業,2,レポート:毎回の授業で課すリアクションペーパーで代替する(80%)、授業内テスト:高校の内容について確認することがある(5%)、授業参画度:毎回、講義内でデスカッションの時間を設ける(10%)、期限内提出を必須(5%) 課題は、毎回100点満点で採点する。本人の学びがわかる内容が書かれていれば加点する。出席していて、課題を提出すれば、最低70点を保証する。期限内に提出がないれば減点する。,https://syllabus.chs.nihon-u.ac.jp/op/syllabus95091.html
音楽文化論,小林幸子,前期,,総合教育科目,遠隔授業（オンデマンド型）,2,授業内テスト:第15回授業内の期末試験（Canvas LMSにて提出）で評価(50%)、授業参画度:授業課題の提出状況や解答内容で評価(50%),https://syllabus.chs.nihon-u.ac.jp/op/syllabus95092.html
音楽文化論,堀切大史,後期,,総合教育科目,対面授業,2,授業内テスト(20%)、感想文(80%) 毎回提出する感想文および学期末に行う授業内テストによって評価します。,https://syllabus.chs.nihon-u.ac.jp/op/syllabus95093.html
言語学から見た世界,松﨑寛,前期,,総合教育科目,対面授業,2,試験(40%)、レポート:毎回授業後に課題を出す。14回×5点(60%),https://syllabus.chs.nihon-u.ac.jp/op/syllabus95094.html
多言語・多文化社会と日本語教育 国際日本学入門１,リテイ,前期,,総合教育科目,対面授業,2,レポート(30%)、授業参画度(30%)、課題20％、プロジェクトワーク20％(40%) 授業参画度は予習や教室活動の参加度、授業への貢献度、毎回のグループワーク（質問・コメント・ディスカッション）などで評価される。オンライン受講の場合もグループ活動に参加する必要があり、物理的な距離など現実問題も考慮するが、評価方法と基準は基本的に対面参加と同様。,https://syllabus.chs.nihon-u.ac.jp/op/syllabus95095.html
異文化理解と日本語学習 国際日本学入門２,リテイ,後期,,総合教育科目,対面授業,2,レポート(30%)、授業参画度(30%)、課題(40%) 授業参画度は予習や教室活動の参加度、授業への貢献度、毎回のグループワーク（質問・コメント・ディスカッション）などで評価される。オンライン受講の場合もグループ活動に参加する必要があり、物理的な距離など現実問題も考慮するが、評価方法と基準は基本的に対面参加と同様。,https://syllabus.chs.nihon-u.ac.jp/op/syllabus95096.html
法学,杉山幸一,前期,,総合教育科目,対面授業（一部遠隔授業）,2,授業内テスト:期末テスト（第15回）(50%)、授業参画度:リアクションペーパー（毎回）(50%),https://syllabus.chs.nihon-u.ac.jp/op/syllabus95097.html
法学,杉山幸一,後期,,総合教育科目,対面授業（一部遠隔授業）,2,授業内テスト:期末テスト（第15回）(50%)、授業参画度:リアクションペーパー（毎回）(50%),https://syllabus.chs.nihon-u.ac.jp/op/syllabus95098.html
憲法,上岡敦,前期,,総合教育科目,対面授業,2,試験(100%) 原則として試験期間で実施する試験のみで評価を⾏う。試験では授業内容が踏まえられているかという点を中心に自分なりの学習成果が見られるかという点も加味しながら、授業内容を正しく理解できているかどうかを評価する。ただし、必要とみなされる場合には、毎回のコメント内容など、授業への参加意欲を特別に考慮する場合がある。また、小テスト等を実施した場合も特別に加点を行う。なお、リアクションペーパーなどの提出は単位を保証するものではない。,https://syllabus.chs.nihon-u.ac.jp/op/syllabus95099.html
憲法,上岡敦,前期,,総合教育科目,対面授業,2,試験(100%) 原則として試験期間で実施する試験のみで評価を⾏う。試験では授業内容が踏まえられているかという点を中心に自分なりの学習成果が見られるかという点も加味しながら、授業内容を正しく理解できているかどうかを評価する。ただし、必要とみなされる場合には、毎回のコメント内容など、授業への参加意欲を特別に考慮する場合がある。また、小テスト等を実施した場合も特別に加点を行う。なお、リアクションペーパーなどの提出は単位を保証するものではない。,https://syllabus.chs.nihon-u.ac.jp/op/syllabus95100.html
憲法,上岡敦,前期,,総合教育科目,対面授業,2,試験(100%) 原則として試験期間で実施する試験のみで評価を⾏う。試験では授業内容が踏まえられているかという点を中心に自分なりの学習成果が見られるかという点も加味しながら、授業内容を正しく理解できているかどうかを評価する。ただし、必要とみなされる場合には、毎回のコメント内容など、授業への参加意欲を特別に考慮する場合がある。また、小テスト等を実施した場合も特別に加点を行う。なお、リアクションペーパーなどの提出は単位を保証するものではない。,https://syllabus.chs.nihon-u.ac.jp/op/syllabus95101.html
憲法,上岡敦,後期,,総合教育科目,対面授業,2,試験(100%) 原則として試験期間で実施する試験のみで評価を⾏う。試験では授業内容が踏まえられているかという点を中心に自分なりの学習成果が見られるかという点も加味しながら、授業内容を正しく理解できているかどうかを評価する。ただし、必要とみなされる場合には、毎回のコメント内容など、授業への参加意欲を特別に考慮する場合がある。また、小テスト等を実施した場合も特別に加点を行う。なお、リアクションペーパーなどの提出は単位を保証するものではない。,https://syllabus.chs.nihon-u.ac.jp/op/syllabus95102.html
憲法,上岡敦,後期,,総合教育科目,対面授業,2,試験(100%) 原則として試験期間で実施する試験のみで評価を⾏う。試験では授業内容が踏まえられているかという点を中心に自分なりの学習成果が見られるかという点も加味しながら、授業内容を正しく理解できているかどうかを評価する。ただし、必要とみなされる場合には、毎回のコメント内容など、授業への参加意欲を特別に考慮する場合がある。また、小テスト等を実施した場合も特別に加点を行う。なお、リアクションペーパーなどの提出は単位を保証するものではない。,https://syllabus.chs.nihon-u.ac.jp/op/syllabus95103.html
憲法,上岡敦,後期,,総合教育科目,対面授業,2,試験(100%) 原則として試験期間で実施する試験のみで評価を⾏う。試験では授業内容が踏まえられているかという点を中心に自分なりの学習成果が見られるかという点も加味しながら、授業内容を正しく理解できているかどうかを評価する。ただし、必要とみなされる場合には、毎回のコメント内容など、授業への参加意欲を特別に考慮する場合がある。また、小テスト等を実施した場合も特別に加点を行う。なお、リアクションペーパーなどの提出は単位を保証するものではない。,https://syllabus.chs.nihon-u.ac.jp/op/syllabus95104.html
社会学,服部慶亘,前期,,総合教育科目,対面授業,2,レポート:ユニット（回）ごとに提示されたテーマ(100%) 「レポート」（課題）は、講義を受けたことのエビデンスとしても利用される。 提出された全ての課題の累積得点から、成績評価する。 以上を踏まえ、A-2-1（世界の現状を理解し，説明する力）、A-3-1（倫理的・批判的思考力）、A-4-1（問題発見・解決力）の修得状況を評価する。 対面授業に参加できない場合の成績評価については、別途で説明する。,https://syllabus.chs.nihon-u.ac.jp/op/syllabus95105.html
社会学,工藤豪,前期,,総合教育科目,対面授業,2,レポート:期末課題レポートの提出内容によって授業の理解度を評価する(50%)、授業参画度:授業時の受講態度・取組姿勢や課題シートの提出内容によって評価する(50%),https://syllabus.chs.nihon-u.ac.jp/op/syllabus95106.html
現代社会におけるケア 社会福祉学,田中謙,後期,,総合教育科目,対面授業（一部遠隔授業）,2,試験(90%)、授業参画度:学習状況の振り返りに関わる自己評価(10%) 授業内容の理解に関わる期末試験（90%）、学習状況の振り返りに関わる自己評価（10%）により総合的に評価する。ただし社会情勢を考慮し、期末レポートに変更する可能性がある。,https://syllabus.chs.nihon-u.ac.jp/op/syllabus95107.html
政治学,上岡敦,前期,,総合教育科目,対面授業,2,試験(100%) 原則として試験期間で実施する試験で評価を⾏う。試験では授業内容が踏まえられているかという点を中心に自分なりの学習成果が見られるかという点も加味しながら、授業内容を正しく理解できているかどうかを評価する。ただし、必要とみなされる場合には、毎回のコメント内容など、授業への参加意欲を特別に考慮する。なお、リアクションペーパーなどの提出は単位を保証するものではない。,https://syllabus.chs.nihon-u.ac.jp/op/syllabus95108.html
政治学,上岡敦,後期,,総合教育科目,対面授業,2,試験(100%) 原則として試験期間で実施する試験で評価を⾏う。試験では授業内容が踏まえられているかという点を中心に自分なりの学習成果が見られるかという点も加味しながら、授業内容を正しく理解できているかどうかを評価する。ただし、必要とみなされる場合には、毎回のコメント内容など、授業への参加意欲を特別に考慮する。なお、リアクションペーパーなどの提出は単位を保証するものではない。,https://syllabus.chs.nihon-u.ac.jp/op/syllabus95109.html
経済学,永田長生,前期,,総合教育科目,対面授業,2,試験(75%)、授業内テスト(25%) 定期試験期間に実施する持ち込み不可の筆記試験と授業中小テストを科目の達成目標に照らして採点し，その得点をもとに，日本大学文理学部の成績評価基準で学修成果を評価する。,https://syllabus.chs.nihon-u.ac.jp/op/syllabus95110.html
経済学,永田長生,後期,,総合教育科目,対面授業,2,試験(75%)、授業内テスト(25%) 定期試験期間に実施する持ち込み不可の筆記試験と授業中小テストを科目の達成目標に照らして採点し，その得点をもとに，日本大学文理学部の成績評価基準で学修成果を評価する。,https://syllabus.chs.nihon-u.ac.jp/op/syllabus95111.html
地理学,宇根寛,前期,,総合教育科目,対面授業,2,レポート:リアクションレポートの内容を評価します。(30%)、授業内テスト:第15回に講義全体の振り返りのためのテストを行います。(50%)、授業参画度:リアクションレポートの提出状況を評価します。(20%) テストは講義資料、ノートを持ち込み可。毎回のリアクションレポートは必ず提出すること。提出をもって出席とみなします。 地図地理検定を受検したことを報告した場合には評価に加味します。,https://syllabus.chs.nihon-u.ac.jp/op/syllabus95112.html
教育学,堤優貴,前期,,総合教育科目,対面授業（一部遠隔授業）,2,レポート(60%)、授業参画度:授業内に回収するリアクションペーパー(40%),https://syllabus.chs.nihon-u.ac.jp/op/syllabus95113.html
教育学,佐久間邦友,前期,,総合教育科目,対面授業（ハイフレックス型）,2,レポート(40%)、授業内テスト:Googleclassroomにおいて実施(50%)、授業参画度:授業内に回収するリアクションペーパー(10%),https://syllabus.chs.nihon-u.ac.jp/op/syllabus95114.html
心理学,池見正剛,後期,,総合教育科目,対面授業（一部遠隔授業）,2,試験(25%)、授業内テスト:第１～14回の授業内小テスト（Canvas LMS教材）(25%)、授業参画度:授業中の発言（正解・有意義な論評に対して加点）(25%)、授業外の復習ドリル（Canvas LMS教材）＊希望者のみ実施する。(25%) ①各成績段階の目安。総合得点を100とした場合、 S評価（90点以上）、A評価（80以上90点未満）、B評価（70以上80点未満） C評価（60点以上70点未満）、D評価（60点未満） ②毎回の小テストと最終試験のうち６点以上の未提出があれば即不合格となる。 また授業内の不適切な行為（無断退室、私語、試験不正行為など）で注意を受けた場合、1回につき成績段階が１ランク下がる。 論理的思考力A-3-1は授業内小テスト、最終テストで判定され、省察力A-8-1は復習ドリル、問題発見・解決力A-4-1はプレゼン課題で判定される。,https://syllabus.chs.nihon-u.ac.jp/op/syllabus95115.html
心理学,西本和月,前期,,総合教育科目,対面授業,2,授業内テスト:授業内テストは、期末試験(40%)と小テスト(30%)を合わせて評価します。(70%)、授業参画度:授業参画度は小課題で評価します。(30%) 期末試験が未受験の場合と、小テストや小課題、期末試験の提出を合計して10回に満たない場合は成績評価は行われません。,https://syllabus.chs.nihon-u.ac.jp/op/syllabus95116.html
心理学,西本和月,後期,,総合教育科目,対面授業,2,授業内テスト:授業内テストは、期末試験(40%)と小テスト(30%)を合わせて評価します。(70%)、授業参画度:授業参画度は小課題で評価します。(30%) 期末試験が未受験の場合と、小テストや小課題、期末試験の提出を合計して10回に満たない場合は成績評価は行われません。,https://syllabus.chs.nihon-u.ac.jp/op/syllabus95117.html
心理学,玉木賢太郎,前期,,総合教育科目,対面授業（一部遠隔授業）,2,授業内テスト:授業内テストの点数にて評価する(40%)、授業参画度:授業内課題（心理学的現象の体験）の提出により授業への参画度を評価する(20%)、授業後のコメントシートにて評価する(40%) 指定感染症の罹患により出席できない場合は、速やかに指定書式にて届出を提出してください。その際授業の配信は予定しておりません。,https://syllabus.chs.nihon-u.ac.jp/op/syllabus95118.html
身体科学,長澤純一,前期,,総合教育科目,対面授業（一部遠隔授業）,2,授業内テスト(100%) 授業内容総合確認テスト(授業内テスト)を1回実施します。別途オンデマンド形式の小テストをおこなう予定です。,https://syllabus.chs.nihon-u.ac.jp/op/syllabus95119.html
身体科学,長澤純一,後期,,総合教育科目,対面授業（一部遠隔授業）,2,授業内テスト(100%) 授業内容総合確認テスト(授業内テスト)を1回実施します。別途オンデマンド形式の小テストをおこなう予定です。,https://syllabus.chs.nihon-u.ac.jp/op/syllabus95120.html
デジタル産業革命と社会の変容,毒島雄二,後期,,総合教育科目,遠隔授業（オンデマンド型）,2,"授業内テスト(50%)、授業参画度(50%) 授業参画度は，リアクションペーパー（授業時間中に学修した内容について）等で評価する。 授業内テストは，CanvasLMS（学習管理システム）上のオンラインテストとし，採点後，フィードバックを行う。 ・A-2の達成度については，リアクションペーパーにて判定し，A-3,A-4の達成度については，授業内テストによって判定する。",https://syllabus.chs.nihon-u.ac.jp/op/syllabus95121.html
国民国家とグローバル資本主義,三澤真明,後期,,総合教育科目,対面授業,2,試験(80%)、授業参画度:主にリアクションペーパーの提出状況による。(20%),https://syllabus.chs.nihon-u.ac.jp/op/syllabus95122.html
戦後日本の政治,上岡敦,前期,,総合教育科目,対面授業,2,試験(100%) 原則として試験期間で実施する試験で評価を⾏う。試験では授業内容が踏まえられているかという点を中心に自分なりの学習成果が見られるかという点も加味しながら、授業内容を正しく理解できているかどうかを評価する。ただし、必要とみなされる場合には、毎回のコメント内容など、授業への参加意欲を特別に考慮する。なお、リアクションペーパーなどの提出は単位を保証するものではない。,https://syllabus.chs.nihon-u.ac.jp/op/syllabus95123.html
戦後日本の政治,上岡敦,後期,,総合教育科目,対面授業,2,試験(100%) 原則として試験期間で実施する試験で評価を⾏う。試験では授業内容が踏まえられているかという点を中心に自分なりの学習成果が見られるかという点も加味しながら、授業内容を正しく理解できているかどうかを評価する。ただし、必要とみなされる場合には、毎回のコメント内容など、授業への参加意欲を特別に考慮する。なお、リアクションペーパーなどの提出は単位を保証するものではない。,https://syllabus.chs.nihon-u.ac.jp/op/syllabus95124.html
地域資源の活用と地域連携 経済発展と人口変動,宮脇健,前期,,総合教育科目,対面授業,2,レポート:レポートは1回提出をさせます。レポート課題の要綱を配布し、その基準に基づき評価を行います。(40%)、授業内テスト:授業内容の理解を測るため授業内小テストを行います。(30%)、授業参画度:授業内でWebによる授業理解度のアンケートを毎回実施するので回答してください。(30%),https://syllabus.chs.nihon-u.ac.jp/op/syllabus95125.html
地域資源の活用と地域連携 経済発展と人口変動,宮脇健,後期,,総合教育科目,対面授業,2,レポート:レポートは1回提出をさせます。レポート課題の要綱を配布し、その基準に基づき評価を行います。(40%)、授業内テスト:授業の理解度を測る小テストを実施します。(30%)、授業参画度:授業内でWebによる授業理解度のアンケートを毎回実施するので回答してください。(30%),https://syllabus.chs.nihon-u.ac.jp/op/syllabus95126.html
日常生活の中の経済学,畔上秀人,前期,,総合教育科目,対面授業,2,試験(44%)、レポート:授業内テストに含まれる。右の割合は目安である。(14%)、授業内テスト:第1回から第14回まで，4点満点の小テストを出題する。(28%)、授業参画度:第1回から第14回まで，毎回行う小テストに授業参画度が反映される。よって右の割合は目安である。(14%) 第1回から第14回まで，Canvas LMSを通じて4点満点の小テストを出題する。これには「授業参画度」が含まれる。小テストの満点の合計は56点になるので，全体の成績に占める割合は56%である。第15回の授業終了後，Canvas LMSを用いて44点満点の試験を行う。「試験」ではあるが，教室ではなくオンラインで実施する。,https://syllabus.chs.nihon-u.ac.jp/op/syllabus95127.html
公と私の社会科学,中瀬剛丸,後期,,総合教育科目,対面授業（一部遠隔授業）,2,授業参画度:毎回の授業で出す課題（レスポンスペーパー、レポート、小テストなど）(100%) 毎回の授業で出す課題（レスポンスペーパー、レポート、小テストなど、事前事後学習の課題を含む）によって、授業参画度を評価します。課題の解答内容を総合して、A-2-1（世界の現状を理解し，説明する力）、A-3-1（論理的・批判的思考力）、A-4-1（問題発見・解決力）の修得状況を評価します。,https://syllabus.chs.nihon-u.ac.jp/op/syllabus95128.html
多文化共生社会を生きる,朴源花,後期,,総合教育科目,対面授業,2,レポート:期末レポートで評価する。（50点X1回）(35%)、授業内テスト:2度の確認テストの点数で評価する。（10点X2回）(20%)、授業参画度:毎回のふりかえりシートで評価する。（3点X15回）(45%) ・基本的にはふりかえりシートをもって授業参画度の評価とします。ただ、授業中に他用を行ったり、ワークへの不参加が著しくみられる場合は、ふりかえりシートの提出があっても授業参画度について減点を行うことがあります。 ・ふりかえりシートや授業内テストは授業でおこなわれる説明・補足をもとに構成されているため、自習だけではなかなか追いつくのが厳しいと思われます。授業日程をご確認のうえ、欠席が続くことが予想される場合は次年度以降の受講をおすすめします。ご不明な場合は、講師まで事前にお問合せください。,https://syllabus.chs.nihon-u.ac.jp/op/syllabus95129.html
少子化・高齢化社会を生きる,山田祐子,前期,,総合教育科目,対面授業（一部遠隔授業）,2,レポート:テーマについての問題意識の深さや理解力、分析力、情報収集力と内容、提出状況をみて評価します。(30%)、授業内テスト:学生の習熟度に応じ、適宜、授業内レポート等を実施する場合があります。(10%)、授業参画度:授業、オンデマンド教材視聴におけるテーマについての問題意識を含めたディスカッション、発表、小レポート等で評価します。(60%) 授業中、記入したものは回収し、評価の対象とします。 授業参画度については、学生の問題意識と、真摯で誠実な学習姿勢に基づく授業内容の適切な理解も重視する。＊単に参加・出席するだけで評価点を加算することは禁止されています。 学生の習熟度に応じ、適宜、授業内レポート等を実施する場合があります。,https://syllabus.chs.nihon-u.ac.jp/op/syllabus95130.html
メディア論,高榮蘭,前期,,総合教育科目,対面授業（一部遠隔授業）,2,"レポート:レポートについて、A-1,A-2、A-3、A-4、A-8の達成度を評価します。(55%)、授業参画度:Canvas LMSへの対応を見て、A-２、A-6、A-8の達成度を評価します。(30%)、授業内で実施する小テストについて、A-1,A-2、A-3、A-4、A-8の達成度を評価します。(15%) 授業中に課す議論、課題研究、Canvas LMSへの対応(内容についての採点を含む)が授業参画度の基準となる。",https://syllabus.chs.nihon-u.ac.jp/op/syllabus95131.html
メディア論,佐幸信介,前期,,総合教育科目,対面授業,2,レポート:6月下旬締め切りのレポートを課す(30%)、授業内テスト:講義内論述試験(50%)、授業参画度:講義内クエスチョンとリアクションペーパー(20%) 受講生は、毎回の講義後に提出するリアクションペーパー（課題＝Questionを含む）を充実させること。レポートを7月上旬に提出してもらう予定。レポート課題は、6月上旬の講義でアナウンスする。,https://syllabus.chs.nihon-u.ac.jp/op/syllabus95132.html
ジェンダー論,佐久本佳奈,前期,,総合教育科目,対面授業（一部遠隔授業）,2,授業内テスト:教科書持ち込み可(60%)、授業参画度(40%) 授業参画度に関しては授業内のコメントやディスカッションへの参加、小課題の回答といった授業態度の積極性も評価の対象とする。,https://syllabus.chs.nihon-u.ac.jp/op/syllabus95133.html
ジェンダー論,郭立夫,前期,,総合教育科目,対面授業,2,レポート:期末レポート(100%) 期末レポートを100％にしていますが、出席率が70％以下の履修者は採点対象外になります。,https://syllabus.chs.nihon-u.ac.jp/op/syllabus95134.html
ジェンダー論,中村英代,前期,,総合教育科目,遠隔授業（オンデマンド型）,2,レポート:期末読書レポート（提出は1回、1000字程度を予定）(30%)、授業内テスト:期末確認テスト（提出は1回、主にテキストの空欄から出題します）(30%)、授業参画度:講義終了後に毎回提出するコメント課題(40%) 毎回のコメント課題、期末確認テスト、期末読書レポートはすべてCanvas LMSで提出します。 読書レポート、確認テストの内容から、世界の現状を理解し説明する力（A-2-1） 、論理的・批判的思考力（A-3-1 ）、問題発見・解決力（A-4-1）の修得状況を評価します。,https://syllabus.chs.nihon-u.ac.jp/op/syllabus95135.html
ジェンダー論,中村英代,後期,,総合教育科目,遠隔授業（オンデマンド型）,2,レポート:期末読書レポート（提出は1回、1000字程度を予定）(30%)、授業内テスト:期末確認テスト（提出は1回、主にテキストの空欄から出題します）(30%)、授業参画度:講義終了後に毎回提出するコメント課題(40%) 毎回のコメント課題、期末確認テスト、期末読書レポートはすべてCanvas LMSで提出します。 読書レポート、確認テストの内容から、世界の現状を理解し説明する力（A-2-1） 、論理的・批判的思考力（A-3-1 ）、問題発見・解決力（A-4-1）の修得状況を評価します。,https://syllabus.chs.nihon-u.ac.jp/op/syllabus95136.html
市民社会と法,内藤恵,前期,,総合教育科目,対面授業,2,授業内テスト:期末試験の点数によって評価する。(60%)、授業参画度:講義中リポート（リアクションペーパー）の内容によって評価する。(30%)、上記出席点(10%) 対面授業に参加できず期末試験を受けられない受講生が生じた場合には、教務課と協議の上、リポート提出等で代替します。 昨年度の場合、合理的配慮等対象者と共に、試験開始前に担当者に届けたインフルエンザ等の罹患者、あるいは当日、鉄道事故で試験時間に間に合わない方々を対象にしました。 なお講義に出席しないまま期末試験だけ受験する履修者は、最初からリポート＋出席点40点分を失うことになります。 法律学は積み重ねの学問なので、講義には可能な限り続けて出席されることを希望します。,https://syllabus.chs.nihon-u.ac.jp/op/syllabus95137.html
現代社会におけるリーダーシップ論 現代ビジネスと企業の社会的責任,堀野裕子,前期,,総合教育科目,対面授業,2,試験(50%)、授業参画度(50%) 【試験】紙の六法持込み可。論述式および短答式の問題を出題します。講義内容の理解度に応じて評価します。 【授業参画度】授業参画度は、毎回のディスカッション等への姿勢により評価します。 本年度は対面による講義となるため、成績評価の詳細については、講義時にアナウンスいたします。,https://syllabus.chs.nihon-u.ac.jp/op/syllabus95138.html
労働と労働者の権利,松井丈晴,前期,,総合教育科目,対面授業,2,試験(50%)、レポート:授業全体の理解度確認のための総括したレポートを課す(25%)、授業内テスト:授業内容の小テストを行い評価する。(25%) 試験は、各回で学修した内容を修得しているかどうかを、その点数にて評価する。 小テストは宿題の提出状況と論理的・批判的な思考で作成され、問題発見し、解決策を提案できているかで評価する。 なお、評価基準についてはあらかじめ配布プリントに詳細に記載する。 原則対面授業のため、やむを得ない事由（就職活動や公欠）で欠席の場合は、その証明をすれば、出席として考慮するが、その欠席分の補いをしないと小テストができないので注意すること。,https://syllabus.chs.nihon-u.ac.jp/op/syllabus95139.html
国際法,藤原泉,前期,,総合教育科目,対面授業,2,試験(100%),https://syllabus.chs.nihon-u.ac.jp/op/syllabus95140.html
国際法,藤原泉,後期,,総合教育科目,対面授業,2,試験(100%),https://syllabus.chs.nihon-u.ac.jp/op/syllabus95141.html
国際情勢,日吉秀松,前期,,総合教育科目,対面授業（一部遠隔授業）,2,試験(60%)、レポート:1回（2000字以上）(20%)、授業参画度:ディベートに参加する姿勢（発言の度合い）(20%) 冷戦の原因、構造および変化を検証しつつ、冷戦の本質を理解したうえで、国際情勢と結合するレポートなどにより、国際情勢の知識の習得状況を確認し、評価します。,https://syllabus.chs.nihon-u.ac.jp/op/syllabus95142.html
国際情勢,日吉秀松,後期,,総合教育科目,対面授業（一部遠隔授業）,2,試験(60%)、レポート:1回（2000字以上）(20%)、授業参画度:ディベートに参加する姿勢（発言の度合い）(20%) 冷戦の原因、構造および変化を検証しつつ、冷戦の本質を理解したうえで、国際情勢と結合するレポートなどにより、国際情勢の知識の習得状況を確認し、評価します。,https://syllabus.chs.nihon-u.ac.jp/op/syllabus95143.html
国際情勢,六辻彰二,後期,,総合教育科目,対面授業,2,レポート(70%)、小テスト(30%) 小テストはCanvas LMSを通じて、半期で3回、授業時間外に提出する。 学期末にレポートを提出する。,https://syllabus.chs.nihon-u.ac.jp/op/syllabus95144.html
国際経済論,前野高章,前期,,総合教育科目,対面授業,2,授業内テスト:複数回の小テストおよび講義最終回の確認テストから評価する。(70%)、授業参画度:複数回のリアクションペーパー等で評価する。(30%),https://syllabus.chs.nihon-u.ac.jp/op/syllabus95145.html
国際経済論,前野高章,後期,,総合教育科目,対面授業,2,授業内テスト:複数回の小テストおよび講義最終回の確認テストから評価する。(70%)、授業参画度:複数回のリアクションペーパー等で評価する。(30%),https://syllabus.chs.nihon-u.ac.jp/op/syllabus95146.html
スポーツ文化論,城間修平,前期,,総合教育科目,遠隔授業（同時双方向型）,2,レポート:課題レポート(50%)、授業内テスト:各授業時の小テストも含む(50%) 毎回の授業内テストや課題の提出状況等を総合的に評価する。,https://syllabus.chs.nihon-u.ac.jp/op/syllabus95147.html
スポーツ文化論,城間修平,後期,,総合教育科目,遠隔授業（同時双方向型）,2,レポート:課題レポート(50%)、授業内テスト:各授業時の小テストも含む(50%) 毎回の授業内テストや課題の提出状況等を総合的に評価する。,https://syllabus.chs.nihon-u.ac.jp/op/syllabus95148.html
データアナリティクス,大川内隆朗,後期,,総合教育科目,対面授業（一部遠隔授業）,2,レポート(50%)、毎週の小テストおよび小課題(50%),https://syllabus.chs.nihon-u.ac.jp/op/syllabus95149.html
ダイバーシティ＆インクルージョン 総合研究１～８（ダイバーシティ＆インクルージョン）,石岡丈昇,前期,,総合教育科目,対面授業（一部遠隔授業）,2,授業参画度:各教員の採点を総合して評価する(100%),https://syllabus.chs.nihon-u.ac.jp/op/syllabus95150.html
LGBTQを知る 総合研究１～８（LGBTQを知る）,郭立夫,後期,,総合教育科目,対面授業,2,レポート:期末レポート(100%) 期末レポートを100％にするが、出席率が70％以下の場合は、採点対象になりません。,https://syllabus.chs.nihon-u.ac.jp/op/syllabus95151.html
「障害」の科学 総合研究１～８（「障害」の科学）,田中謙,後期,,総合教育科目,対面授業（一部遠隔授業）,2,レポート:期末レポート(90%)、授業参画度:学習状況の振り返りに関わる自己評価(10%) 授業内容の理解に関わる期末レポート（90%）、学習状況の振り返りに関わる自己評価（10%）により総合的に評価する。,https://syllabus.chs.nihon-u.ac.jp/op/syllabus95152.html
数学,立井博子,後期,,総合教育科目,対面授業,2,"レポート:授業内で提出した課題の内容(30%)、授業内テスト:第１５回授業内テストの内容を評価する(70%) 授業参画度は毎回の課題で評価する． また各課題に対する取り組みを通じて (A-5)を評価する。 レポートは，議論の正確さと学習内容の理解度を中心に評価し，レポートを通じて(A-3,A-4)の達成度を評価． ［対面での参加が困難な場合の取り扱い］事前に教員に該当期間を連絡した上で授業資料のPDF配布．ただし事前連絡なしでの場合は原則遅延扱い．修了レポートはオンライン提出可． 授業内テスト:最終授業内試験結果(70%)、授業参画度:毎回の提出課題(30%) 授業内テスト70% と 授業参画度 30% の根拠は以下の通りです. (1) 授業内試験は, 100点満点の試験になります. (2) 授業参画度(いずれも質問応答の伝達欄あり)は第1回ガイダンスと第15回授業内試験を除く13回で毎回10点ですので, 合計230点満点になります. 以上により, パーセントを算出しました.",https://syllabus.chs.nihon-u.ac.jp/op/syllabus95153.html
物理学,川上隆輝,前期,,総合教育科目,対面授業,2,授業内テスト:第15回のときに対面で学期末テストを行う。(30%)、授業参画度:第1回から第14回は，対面での授業に参加し，確認テストの答案を採点して総合的に判断する。(70%) 確認テストは期日を設けて提出してもらう。確認テストの提出が遅延になった場合は減点する。 教員の許可をもらってオンデマンド型で受講する学生は，授業の教材の視聴状況と確認テストの得点を総合的に評価して授業参画度とする。,https://syllabus.chs.nihon-u.ac.jp/op/syllabus95154.html
物理学,川上隆輝,後期,,総合教育科目,対面授業,2,授業内テスト:第15回のときに対面で学期末テストを行う。(30%)、授業参画度:第1回から第14回は，対面での授業に参加し，確認テストの答案を採点して総合的に判断する。(70%) 確認テストは期日を設けて提出してもらう。確認テストの提出が遅延になった場合は減点する。 教員の許可をもらってオンデマンド型で受講する学生は，授業の教材の視聴状況と確認テストの得点を総合的に評価して授業参画度とする。,https://syllabus.chs.nihon-u.ac.jp/op/syllabus95155.html
化学,柳川昭久,前期,,総合教育科目,対面授業,2,授業内テスト:授業内テストは小テスト、期末テスト等を合わせて評価する。(40%)、授業参画度:授業参画度は毎回の授業内課題等で評価する。(60%) 小テストまたは課題は授業の理解を深めるため毎回の授業において行う。理解できなかった設問については、復習において再度設問の解答を完成させることでA-3、A-4の達成度を判定する。また課題の一部では、これまでの授業において疑問に思ったことや興味を持ったことについて、自らテーマを設定し、調べた内容をまとめたものを提出とする。この学習によって化学の基礎知識を深めることを重視している。基礎的な化学知識に基づいて自然科学に関する諸現象やさまざまな事象に潜む化学的な問題を発見し説明することができることを確認することでA-4の達成度を判定する。事情があり授業に参加できない学生については別途課題を与え、その内容から達成度を判定し、それらに基づいて成績を判定する。,https://syllabus.chs.nihon-u.ac.jp/op/syllabus95156.html
生命科学,地引和也,前期,,総合教育科目,対面授業,2,授業内テスト:各回の小テストの得点率により評価する。(100%),https://syllabus.chs.nihon-u.ac.jp/op/syllabus95157.html
生命科学,地引和也,後期,,総合教育科目,対面授業,2,授業内テスト:各回の小テストの得点率により評価する。(100%),https://syllabus.chs.nihon-u.ac.jp/op/syllabus95158.html
地球科学,田中明子,前期,,総合教育科目,対面授業（一部遠隔授業）,2,試験(60%)、授業内テスト(40%) 試験 (授業内) 60 %，授業内小テスト 2 回合計 40 ％ により， 地球の形，重力，地磁気，地球の内部構造，プレートテクトニクス，地震・火山活動に関する基本的な事項の理解度を評価する．,https://syllabus.chs.nihon-u.ac.jp/op/syllabus95159.html
地球科学,戸邉勇人,後期,,総合教育科目,対面授業,2,試験(100%) 試験（テスト）の結果、60%以上の正解を合格とする,https://syllabus.chs.nihon-u.ac.jp/op/syllabus95160.html
宇宙科学,新田伸也,前期,,総合教育科目,対面授業,2,試験(100%),https://syllabus.chs.nihon-u.ac.jp/op/syllabus95161.html
統計学,立井博子,前期,,総合教育科目,対面授業,2,"レポート:議論の正確さと学修内容の理解度を評価する(30%)、授業内テスト:習熟度チェックの成績を評価する(70%) 遠隔参加でも対面参加と同様に評価する。 毎回のレポートを通して、A-3,A-4の達成度を評価し, 数学的整理を通してA-5の達成度を評価する。 また, 事後学修への取り組みを通じて、A-8を評価する。",https://syllabus.chs.nihon-u.ac.jp/op/syllabus95162.html
情報科学,渡辺勇士,前期,,総合教育科目,対面授業（一部遠隔授業）,2,レポート:第11回のプログラム課題と最終プログラム課題(30%)、授業参画度:授業ごとの予習レポート・小課題（事後課題）(40%)、各授業の振り返り(30%) ・ プログラム課題は、授業全体の2回ほど課す予定で，その内容を基に評価します。 ・ 情報科学コンテストへの取り組みは，授業参画度に含めますが，得点そのものは評価には含めません。 ・ 各回の事後学習は，授業参画度に含めます。 ・ オンライン参加の場合でも、対面参加の学生と同じ基準で評価します。 ・ 基本的に LMSでコミュニケーション行います。,https://syllabus.chs.nihon-u.ac.jp/op/syllabus99502.html
情報科学,渡辺勇士,後期,,総合教育科目,対面授業（一部遠隔授業）,2,レポート:第11回のプログラム課題と最終プログラム課題(30%)、授業参画度:授業ごとの予習レポート・小課題（事後課題）(40%)、各授業の振り返り(30%) ・ プログラム課題は、授業全体の2回ほど課す予定で，その内容を基に評価します。 ・ 情報科学コンテストへの取り組みは，授業参画度に含めますが，得点そのものは評価には含めません。 ・ 各回の事後学習は，授業参画度に含めます。 ・ オンライン参加の場合でも、対面参加の学生と同じ基準で評価します。 ・ 基本的に LMSでコミュニケーション行います。,https://syllabus.chs.nihon-u.ac.jp/op/syllabus95163.html
科学史,武正泰史,後期,,総合教育科目,対面授業,2,レポート:中間レポート、求めるテーマについての内容、形式、提出状況によって評価(30%)、授業内テスト:毎回の授業後に提出してもらう小テストと授業内期末試験(50%)、授業参画度:リアクションペーパー、LMS提出(20%),https://syllabus.chs.nihon-u.ac.jp/op/syllabus95164.html
人類の進化,デイビッドスプレイグ,前期,,総合教育科目,対面授業（一部遠隔授業）,2,試験(100%) ・Canvas LMSによる中間試験2回（各成績の25%）、期末試験（成績の50%）を実施する。,https://syllabus.chs.nihon-u.ac.jp/op/syllabus95165.html
人類の進化,デイビッドスプレイグ,前期,,総合教育科目,対面授業（一部遠隔授業）,2,試験(100%) Canvas LMSによる中間試験2回（各成績の25%）、期末試験（成績の50%）を実施する。,https://syllabus.chs.nihon-u.ac.jp/op/syllabus95166.html
データと対話するための統計学,菅野剛,後期,,総合教育科目,対面授業,2,授業内テスト(85%)、課題(15%) 単位修得には、 高等学校 数学I（必履修科目）「データの分析」、高等学校 数学A 「場合の数と確率」、高等学校 数学B 「確率分布と統計的な推測」、大学基礎科目レベルの統計学 の理解が必要です。 以上を踏まえ、課題を通して （A-3-1）（A-4-1）（A-5-1）の修得状況を評価します。,https://syllabus.chs.nihon-u.ac.jp/op/syllabus95167.html
身のまわりの生命現象,神村圭亮,後期,,総合教育科目,対面授業,2,授業内テスト:学期末に授業内テストを行う。これにより、「論理的・批判的思考力 (A-3-1)」、「問題発見・解決力 (A-4-1)」及び「挑戦力 (A-5-1)」を評価する。(30%)、授業参画度:毎回配布する小課題の提出状況を評価する。(70%),https://syllabus.chs.nihon-u.ac.jp/op/syllabus95168.html
環境と生命のつながり,新津修平,前期,,総合教育科目,対面授業,2,試験(60%)、授業内テスト:小テスト（40%）、期末テスト（60%）(40%) ・各講義の最後に実施する小テストと期末試験の総合得点に基づいて評価する。 ・これにより、論理的・批判的思考力 (A-3)、問題発見・解決力 (A-4)、挑戦力 (A-5) を評価する。,https://syllabus.chs.nihon-u.ac.jp/op/syllabus95169.html
ゲノム改変と私たちの生活,河本夏雄,後期,,総合教育科目,対面授業,2,試験(70%)、レポート:グループディスカッションでのレポート(30%),https://syllabus.chs.nihon-u.ac.jp/op/syllabus95170.html
日本の自然と災害,戸田真夏,後期,,総合教育科目,対面授業（一部遠隔授業）,2,レポート:12月下旬から1月中旬に課すレポート(40%)、授業内テスト:第15回の授業時に行う「授業内テスト」(60%),https://syllabus.chs.nihon-u.ac.jp/op/syllabus95171.html
気象と環境変化,森島済,後期,,総合教育科目,対面授業,2,授業内テスト(40%)、授業参画度:リアクションペーパー及び確認問題の回答状況(60%),https://syllabus.chs.nihon-u.ac.jp/op/syllabus95172.html
地球環境の変動と生命史,小森次郎,前期,,総合教育科目,対面授業（一部遠隔授業）,2,授業内テスト:授業内テスト（筆記式）を全15回の授業のうち2回実施(40%)、授業参画度:授業開始時のアンケート、および終了時の理解度チェックを兼ねたリアクションペーパーの提出を求めます（Web経由の提出）(40%)、授業内の作業や自由質疑への姿勢(20%),https://syllabus.chs.nihon-u.ac.jp/op/syllabus95173.html
身体の健康,松本恵,前期,,総合教育科目,遠隔授業（オンデマンド型）,2,レポート:授業期間に課題として数回と学期末に出題します。(30%)、授業内テスト:授業期間に復習チェックテストを出題します。(50%)、授業参画度:オンデマンド資料の視聴や復習チェックテストで評価します。(20%) 授業参画度は，Canvas LMSのオンデマンド資料の視聴状況と、毎回のリアクションペーパー等で授業参画度を評価します（A-3，A-4）。授業内テストは，小テスト等をCanvas LMS上でチェックテストとして実施し、合わせて評価します(A-1)。レポート内容は授業内容に関する調査をまとめてもらいます。内容・提出方法は授業内で指示します。,https://syllabus.chs.nihon-u.ac.jp/op/syllabus95174.html
身体の健康,松本恵,後期,,総合教育科目,遠隔授業（オンデマンド型）,2,レポート:授業期間に課題として数回と学期末に出題します。(30%)、授業内テスト:授業期間に復習チェックテストを出題します。(50%)、授業参画度:オンデマンド資料の視聴や復習チェックテストで評価します。(20%) 授業参画度は，Canvas LMSのオンデマンド資料の視聴状況と、毎回のリアクションペーパー等で授業参画度を評価します（A-3，A-4）。授業内テストは，小テスト等をCanvas LMS上でチェックテストとして実施し、合わせて評価します(A-1)。レポート内容は授業内容に関する調査をまとめてもらいます。内容・提出方法は授業内で指示します。,https://syllabus.chs.nihon-u.ac.jp/op/syllabus95175.html
心の健康,服部卓,前期,,総合教育科目,対面授業,2,授業内テスト:第14回に知識の確認を目的に行う。(70%)、授業参画度:授業参画度はオンデマンド教材の視聴状況とワークシートの回答状況による(30%) 授業内テストは対面で行う。 詳細は、講義内で案内する。,https://syllabus.chs.nihon-u.ac.jp/op/syllabus95176.html
心の健康,須永範明,後期,,総合教育科目,対面授業,2,試験(50%)、授業内テスト:理解度を自己確認するために毎回の授業時に実施する授業内小テスト(30%)、ウェルビーイング改善方法を日常生活の中で実践する課題（3課題）(20%) 試験では、授業内容全体の理解度を評価する。試験は定期試験期間に対面で実施する予定である。授業内小テストは毎回の授業で行ない、毎回の授業内容の理解度を評価する。すべての授業内小テストの合計得点を評価に用いる。ウェルビーイング改善方法を日常生活の中で実践する課題では、課題を行なったことをCanvas LMS上で報告していただく。ウェルビーイング改善方法を体験することが評価基準であるので、報告をすれば評価基準を満たす。 試験においてA-3-1、A-4-1の達成度を評価する。3つの課題の実行をもってA-5-1の達成と判断する。,https://syllabus.chs.nihon-u.ac.jp/op/syllabus95177.html
数学を楽しむ,松土恵理,前期,,総合教育科目,対面授業,2,"レポート(50%)、授業参画度(50%) 授業参画度は毎回の課題で評価する． また各課題に対する取り組みを通じて (A-5)を評価する。 レポートは，議論の正確さと学習内容の理解度を中心に評価し，レポートを通じて(A-3,A-4)の達成度を評価． ［対面での参加が困難な場合の取り扱い］ 〆切の変更を認めた課題については通常の課題と同等に取り扱う． 修了レポートはオンライン提出可．",https://syllabus.chs.nihon-u.ac.jp/op/syllabus95178.html
生活の中の数学 宇宙を理解する,松土恵理,後期,,総合教育科目,対面授業,2,"レポート(50%)、授業参画度(50%) 授業参画度は毎回の課題で評価する． また各課題に対する取り組みを通じて (A-5)を評価する。 レポートは，議論の正確さと学習内容の理解度を中心に評価し，レポートを通じて(A-3,A-4)の達成度を評価． ［対面での参加が困難な場合の取り扱い］〆切の変更を認めた課題については通常の課題と同等に取り扱う． 修了レポートはオンライン提出可．",https://syllabus.chs.nihon-u.ac.jp/op/syllabus95179.html
原子の世界,川上隆輝,後期,,総合教育科目,対面授業,2,授業内テスト:第15回のときに対面で学期末テストを行う。(30%)、授業参画度:対面での授業に参加し，確認テストの答案を採点して総合的に判断する(70%) 講義の後に毎回Canvas LMSを用いて確認テストを行う。 教員の許可をもらってオンデマンド型で受講する学生は，授業の教材の視聴状況と確認テストの得点を総合的に評価して授業参画度とする。 確認テストは期日を設けて提出してもらう。確認テストの提出が遅延になった場合は減点する。,https://syllabus.chs.nihon-u.ac.jp/op/syllabus95180.html
現代社会を支える化学,藤森裕基，岩堀史靖,後期,,総合教育科目,対面授業,2,レポート:前半部，後半部それぞれでレポートを課す。(80%)、授業参画度:リアクションペーパーの提出を求め，その内容で授業参画度を評価する。(20%) 受講態度が著しく不良であると判断された場合はレポートの提出を認めない（＝単位が出ない）場合がある。,https://syllabus.chs.nihon-u.ac.jp/op/syllabus95181.html
現代社会を支える科学技術,十代健,前期,,総合教育科目,対面授業（ハイフレックス型）,2,リアクションペーパーやクイズ(100%) 毎回のリアクションペーパーとクイズで評価します。リアクションペーパーの内容を、別の回の講義で取り上げることもあります。,https://syllabus.chs.nihon-u.ac.jp/op/syllabus95182.html
情報とコミュニケーション,渡辺勇士,前期,,総合教育科目,対面授業（一部遠隔授業）,2,"レポート:計2回のレポート課題(30%)、授業参画度:毎授業での予習課題・小テスト／小課題(40%)、毎授業での振り返り課題(30%) ・ DP,CPの達成度については、各テストおよびレポートによって総合的に評価を行う。 ・ 課題および授業内テスト等は、学内共通LMS（学習管理システム）の課題およびオンラインテストとする。 ・ オンライン参加の場合でも、対面参加と同じ基準で評価する。",https://syllabus.chs.nihon-u.ac.jp/op/syllabus99503.html
情報とコミュニケーション,渡辺勇士,後期,,総合教育科目,対面授業（一部遠隔授業）,2,"レポート:計2回のレポート課題(30%)、授業参画度:毎授業での予習課題・小テスト／小課題(40%)、毎授業での振り返り課題(30%) ・ DP,CPの達成度については、各テストおよびレポートによって総合的に評価を行う。 ・ 課題および授業内テスト等は、学内共通LMS（学習管理システム）の課題およびオンラインテストとする。 ・ オンライン参加の場合でも、対面参加と同じ基準で評価する。",https://syllabus.chs.nihon-u.ac.jp/op/syllabus95183.html
情報と社会,毛利康秀,後期,,総合教育科目,対面授業,2,レポート:試験を兼ねた期末レポートの内容で評価する（１回）(70%)、授業参画度:出席確認を兼ねた毎回の小課題によって参画度をはかる（15回）(30%) 最終的な評価は期末試験または期末レポートで行うが、小レポート課題の内容も成績に反映する。 対面での授業参加が難しい学生には、オンデマンド動画に関する小レポート課題および期末レポート課題によって代替する。詳細は別途Canvas LMSまたはメールにて指示する。,https://syllabus.chs.nihon-u.ac.jp/op/syllabus95184.html
情報と数理,古市茂,後期,,総合教育科目,遠隔授業（オンデマンド型）,2,授業内テスト:14回目の授業時に筆記試験を行いその結果で成績を評価します．(100%) 条件を満たしたうえで対面試験を受験できなかった者については，追試験により成績を評価する．,https://syllabus.chs.nihon-u.ac.jp/op/syllabus95185.html
