                        令和７年度以降入学者,令和２年度以降入学者,教員名,単位数,学年,開講区分,科目群,学期,履修区分,授業形態,授業の形態,授業概要,授業のねらい・到達目標,授業の形式,授業の方法,履修条件,教科書,参考書,成績評価の方法及び基準,オフィスアワー,授業計画
異文化理解と日本語学習,国際日本学入門２,リテイ,2,1～4,文理学部,総合教育科目,後期,選択,対面授業,対面授業15回,本授業では、多文化社会における日本語学習を、言語的・社会的・心理的側面から捉え、日本語学習者の経験に焦点を当てて考察する。講義、事例分析、グループディスカッションを通じて、異文化理解と日本語学習の関係性を深める。最終的に、学習者にとっての効果的な学習環境や支援のあり方について議論し、理解を深める。日本語教育経験のある教員がその経験を活かして日本語の教育実践について指導する。,本授業では、日本語学習を異文化理解の観点から考察し、多文化社会における学習者の経験や課題を探る。言語習得、コミュニケーション、異文化適応、学習ストラテジーなどの側面から、日本語学習のプロセスを総合的に理解する。到達目標は、受講生が日本語学習者の視点に立ち、異文化環境における学びの特徴や課題を分析し、効果的な学習支援の在り方について考察できるようになることである。,講義、演習,教員による講義、学生のグループワークやディスカッション、演習を組み合わせて行います。,・この科目は「日本語教育コース(学部基礎コース)」の選択必修科目です。,使用しない,授業内で適宜紹介する。,レポート(30%)、授業参画度(30%)、課題(40%),授業前後、教室にて。また、Canvas LMSとメールでも対応する。具体的な方法はガイダンスおよびCanvas LMS上で連絡する。,"ガイダンス,日本語学習者のコミュニケーションストラテジー——コミュニケーション上の様々な工夫 （A-1-1）,待遇コミュニケーション主体としての日本語学習者——場・人間関係を意識したコミュニケーション活動 （A-1-1）,日本語学習者の言語・非言語コミュニケーション——文化を超えた伝達の工夫 （A-1-1）,多文化・多言語主義の中で日本語を学ぶ——学習者の経験と課題 （A-1-1）,日本語学習者の談話理解と産出過程——流暢さと適切さを求める日本語学習 （A-1-1）,第一言語・第二言語の習得過程と日本語学習——母語の影響を考える （A-1-1）,日本語学習者の学習ストラテジー——自分の特性に合った学習方法を探る （A-1-1）,カルチャーショックと異文化適応——日本語学習者の経験から考える （A-1-1）,日本語学習における情意的側面——学習意欲と心理的要因の影響 （A-1-1）,異文化間教育における日本語学習——多文化環境で学ぶ意義と課題,異文化コミュニケーションと日本語学習——言語の壁を乗り越えるには （A-1-1）,コミュニケーション教育と日本語学習——対話力を高めるために （A-1-1）,学習成果発表・討論会（1）（A-1-1）,学習成果発表・討論会（2）（A-1-1）"
多言語・多文化社会と日本語教育,国際日本学入門１,リテイ,2,1～4,文理学部,総合教育科目,前期,選択,対面授業,対面授業15回,本授業は、多文化共生社会における日本語教育の課題と実践を体系的に学ぶ。言語・非言語コミュニケーション、学習者の習得過程、異文化適応、学習ストラテジーなど、多様な視点から日本語教育を考察する。講義、プロジェクトワークを通じて、多言語・多文化社会の課題と解決策を探り、異文化間教育の視点を持った日本語教育の可能性を探る。日本語教育経験のある教員がその経験を活かして日本語の教育実践について指導する。,授業のねらいは、受講者が多言語・多文化社会の視点を踏まえた日本語教育の意義を理解し、多様な学習者の背景を考慮した教育方法を考案できるようになることである。,講義、演習,教員による講義、ゲストスピーカーによる講演、学生のグループワーク、教員と学生のディスカッション、演習を組み合わせて行います。,・この科目は「日本語教育コース(学部基礎コース)」の選択必修科目です。,使用しない,授業内でその都度紹介する。,レポート(30%)、授業参画度(30%)、課題20％、プロジェクトワーク20％(40%),① 授業の前後、教室で対応する,"ガイダンス（授業内容とプロジェクトワークの説明）,日本語教育におけるコミュニケーションストラテジー——効果的な対話を目指して （A-1-1）,待遇コミュニケーションと日本語教育——場・人間関係を意識したコミュニケーション行為 （A-1-1）,日本語教育における言語・非言語コミュニケーション——伝達の多様性を学ぶ（A-1-1）,多文化・多言語主義の視点から考える日本語教育——教育の可能性と課題,談話の理解と産出を支援する日本語教育——教室内外のコミュニケーションを視野に（A-1-1）,第一言語・第二言語の習得過程と日本語教育——学習者の発達を理解する（A-1-1）,第二言語習得と学習ストラテジー——日本語学習を支援する方法 （A-1-1）,カルチャーショックと異文化適応——日本語学習者の経験を理解する（A-1-1）,日本語教育における情意的側面——学習動機と心理的要因を考える （A-1-1）,異文化間教育としての日本語教育——ことばを超えた学び （A-1-1）,異文化コミュニケーションと日本語教育——言語と文化の架け橋 （A-1-1）,コミュニケーション教育としての日本語教育——対話の力を育む （A-1-1）,学習成果発表会（1）（A-1-1）,まとめと振り返り（A-1-1）"
情報と数理,情報と数理,古市茂,2,1～4,文理学部,総合教育科目,後期,選択,遠隔授業（オンデマンド型）,筆記試験は対面で行います（教科書のみの持ち込み可）,情報科学における情報理論について「可能な限り高校数学までの範囲」で解説する．受講生は情報の単位（ビット）の定義の所以，,情報科学の基礎的分野である情報理論について全般的に解説する．,講義,授業の形式：【講義】,,古市 茂 『情報理論：エントロピーと符号化定理』 日本評論社 2021年 第1版,使用しない,授業内テスト:14回目の授業時に筆記試験を行いその結果で成績を評価します．(100%),質問については電子メールなどを通してお願いします．,"自己情報量について学ぶ,エントロピーについて学ぶ,エントロピーの性質について学ぶ,情報源符号化の基本について学ぶ,符号化手法の例としてShannon符号とFano符号について学ぶ,情報源符号化定理とハフマン符号について学ぶ,LZ77符号について学ぶ,LZ78符号について学ぶ,相互情報量について学ぶ,通信路容量と具体的な通信路について学ぶ,誤り検出と訂正の仕組みについて学ぶ,ハミング符号と誤り訂正能力について学ぶ,線形符号の基礎について学ぶ,これまでの授業内容の理解度を確認する,通信路符号化定理の概要を学ぶ"
言語学から見た世界,言語学から見た世界,松﨑寛,2,1～4,文理学部,総合教育科目,前期,選択,対面授業,原則として対面授業,言語学・日本語学の知識を得る。,・言語学とはどのようなものであるかを学ぶ。,講義,・原則として対面授業とする。,,今井新悟 『いちばんやさしい日本語教育入門』 アスク出版 2018年,授業内で適宜紹介する,試験(40%)、レポート:毎回授業後に課題を出す。14回×5点(60%),(1) メールを使って行う,"ガイダンス 言語学とは何か（１） （A-1-1),言語学とは何か（２） （A-1-1),第１章 音声：日本語の母音、子音、音節（１） （A-1-1),第１章 音声：日本語の母音、子音、音節（２） （A-1-1),第１章 音声：日本語のリズム、アクセント、イントネーション（１） （A-1-1),第１章 音声：日本語のリズム、アクセント、イントネーション（２） （A-1-1),第２章 文字・語彙：文字、語彙、語の種類 （A-1-1),第２章 文字・語彙：語構成、類義語 （A-1-1),第３章 文法：語順 （A-1-1),第３章 文法：品詞 （A-1-1),第３章 文法：テンス、アスペクト （A-1-1),第３章 文法：ヴォイス、モダリティ （A-1-1),第４章 言語と社会：位相、社会言語能力（１） （A-1-1),第４章 言語と社会：位相、社会言語能力（２） （A-1-1),テストと振り返り （A-1-1)"
音楽文化論,音楽文化論,堀切大史,2,1～4,文理学部,総合教育科目,後期,選択,対面授業,,英米のロックの歌詞を読む！,英米のロックの歌詞について、その多様な英語表現に触れながら説明できるようになるとともに、英米の多様な文化についても説明できるようになります。,講義,教師による講義および学生による感想文の提出（フィードバックは適宜行います）,教室で対面授業を受けることの出来る学生であることを条件とします。,ハンドアウト,英語辞典、国語辞典、その他の事典や辞典など,授業内テスト(20%)、感想文(80%),基本的に月・火・水・木に堀切研究室（メールなど遠隔による質問等には一切応じません）,"音楽文化概論,ロックンロール誕生,エルヴィス・プレスリー「ハートブレイク・ホテル」,ビートルズ「エリナ・リグビー」,サイモン&ガーファンクル「サウンド・オヴ・サイレンス」,デイヴィッド・ボウイ「スペース・オディティ」,イーグルス「ラスト・リゾート」,マイケル・ジャクソン「スリラー」,マドンナ「マテリアル・ガール」,ブルース・スプリングスティーン「ボーン・イン・ザ・U.S.A.」,ザ・スミス「ゼア・イズ・ア・ライト」,オアシス「リヴ・フォーエヴァー」,レイジ・アゲンスト・ザ・マシーン「テイク・ザ・パワー・バック」,レイディ・ガガ「ボーン・ディス・ウェイ」,授業内テストと授業全体の復習"
音楽文化論,音楽文化論,小林幸子,2,1～4,文理学部,総合教育科目,前期,選択,遠隔授業（オンデマンド型）,全面的にCanvas LMSを利用して行う。,クラシック音楽やそれを取り巻く事象について、各回、多様なトピックに基づき、各時代を横断しながら考える。その中で、音楽に求められてきた役割の変遷や、それに伴う作品形態の発展、音楽と人にまつわる事象などを浮き彫りにしていく。,＜授業のねらい＞,講義,・各受講期間中にCanvas LMSの当コース上に掲載される教材（レジュメ、動画、読み物など）で受講の上、課題（確認小テストやリアクションペーパー）を提出することによって、出席とみなされる。,・授業開始前にCHIPSによる抽選が行われ、履修者が決定される。,なし。配付資料は責任を持って保管すること。,授業内で紹介する。,授業内テスト:第15回授業内の期末試験（Canvas LMSにて提出）で評価(50%)、授業参画度:授業課題の提出状況や解答内容で評価(50%),Canvas LMSを通して行う。,"ガイダンス／古代ギリシャの「音楽」（A-1-1）（A-3-1）,クラシック音楽の歴史（A-1-1）（A-3-1）,キリスト教と音楽（A-1-1）（A-3-1）,貴族と音楽（A-1-1）（A-3-1）,市民社会と音楽（A-1-1）（A-3-1）,オーケストラと交響曲（A-1-1）（A-3-1）,ピアノの多彩な役割（A-1-1）（A-3-1）,音楽批評（A-1-1）（A-3-1）,文学から生まれる音楽（A-1-1）（A-3-1）,音楽とナショナリズム（A-1-1）（A-3-1）,音楽の都ウィーン（A-1-1）（A-3-1）,オペラの基礎知識（A-1-1）（A-3-1）,音楽家と政治（A-1-1）（A-3-1）,20世紀の音楽（A-1-1）（A-3-1）,授業内テスト（期末試験）と解説"
教育と人間理解,身体表現論,西牧謙吾,2,1～4,文理学部,総合教育科目,後期,選択,対面授業,,本授業は教職課程で提供している特別支援教育概論のアドバンスコースの位置づけを持つ。教員免許状取得を希望する学生、教員を志望する学生が、社会に出たときに使える実用的な知識や技能を提供する。全15回の講義内容は、オムニバスで提供する。,授業のねらい：特別な支援を必要とする幼児児童生徒への教育の応用的理解を得ることを目的とする。それとともに特別支援教育に関連の深い医療・福祉・教育についても言及する。,講義、オムニバス,授業の形式：【講義】,,教科書は指定しない,適宜、参考文献を提示する,レポート:毎回の授業で課すリアクションペーパーで代替する(80%)、授業内テスト:高校の内容について確認することがある(5%)、授業参画度:毎回、講義内でデスカッションの時間を設ける(10%)、期限内提出を必須(5%),「Canvas LMS」のメールで、質問等を受け付ける。,"オリエンテーション【対面授業】,オムニバスに話題提供を行う,オムニバスに話題提供を行う,オムニバスに話題提供を行う,オムニバスに話題提供を行う,オムニバスに話題提供を行う,オムニバスに話題提供を行う,オムニバスに話題提供を行う,オムニバスに話題提供を行う,オムニバスに話題提供を行う,オムニバスに話題提供を行う,オムニバスに話題提供を行う,オムニバスに話題提供を行う,オムニバスに話題提供を行う,まとめ"
,,高山昇,2,3･4,文理学部,総合教育科目,後期,選択,対面授業（ハイフレックス型）,■この講座は後期・水曜日３限の時間帯に、ハイフレックス型（対面受講とZoomによるオンライン授業を同時に実施する方法）で授業を実施します。授業後にオンデマンド配信を視聴することはできません。,■日常的な社会生活における言語・非言語表現をテーマに授業を行います。,(1) 人間関係づくりや円滑なコミュニケーションのための非言語表現について、基本的な知識を身につける。（A-1-1）,講義、演習,"■①教科書、パワーポイントによる講義。②先行研究の検証実験や演習。③履修者のリアクションペーパー（200字以上の授業の振り返りコメント）へのフィードバック、を柱に授業を実施します。授業と平行して、授業毎のリアクションペーパーと中間＆最終レポートが提出課題となります。提出されたリアクションペーパーは添削後に共有ファイルを作成し、次週の授業までに履修者同士が閲覧できる形でCanvasのアナウンスメント欄にて配信します。共有ファイルの内容の一部は、次週の授業でもフィードバックと補足説明を行います。毎回のリアクションペーパーと少し重めの中間＆最終レポートが提出課題（各回のリアクションペーパーと２本の課題で10,000字程度）となるため、筆記試験は行いません。",■この科目では抽選を行いません。ハイフレックス型授業のため、履修人数の制限はありません。但し、対面受講希望者が使用教室の収容人数を超過する場合、またはオンライン受講者がZoomの定員を超過する場合には、学内でのオンライン受講や対面受講の調整をすることがあります。,高山 昇 『入門パフォーマンス～ The performance of Self in Social Role』 作品舎 2023年 第4版,齊藤 勇 『対人コミュニケーションの心理 （対人社会心理学 重要研究集３）』 誠信書房 1987年 第6版,レポート:中間＆最終(40%)、リアクションペーパー（毎授業の振り返りコメント）(60%),■質問等は、リアクションペーパー（授業の振り返りコメント）の質問欄に記入して下さい。共有ファイル内で回答をします。対面受講の学生には、授業前後に使用教室で声をかけて下さい。,"■科目ガイダンス（授業の概要、到達目標及び受講方法についての説明。）（A-1-1）,■パフォーマンス学②,■パフォーマンス学③,■自己開示と自己呈示①（A-1-1）,■自己開示と自己呈示②,■自己開示と自己呈示③,■言語表現①（A-3-1）,■言語表現②,■言語表現③,■非言語表現① 表情（A-5-1）,■非言語表現② 視線,■非言語表現③ 対人距離,■観察シート、課題レポートの作成と提出の説明（A-3-1）,■課題研究 観察（A-3-2）,■非言語表現⑤ 身体"
映像文化論,映像文化論,遠山純生,2,1～4,文理学部,総合教育科目,前期,選択,対面授業,対面授業（13回）と試験（2回）を組み合わせる。,この授業では、世界の映画史を見渡しながら、「映画」を通じてなにごとかを語る（＝見せる・聴かせる）ための技術あるいは表現様式の変遷を学ぶ。また、そうした技術や表現上の特性にまつわる理論的著作も随時参照しながら、新たな技術＝表現の誕生が各時代の映画体験にどのような作用を及ぼしたかを理解する。,まずは、時代や国籍によってさまざまに異なる映画の様式的特性を、識別する能力を養う。（A-1-1）,講義,受講者は、講義や質疑応答のほか、授業でとりあげた映像作品について見直す・授業内で紹介した文献を読むなど、復習に十分な時間をかけて学修成果をより豊かなものにする。,授業開始前にCHIPSによる抽選を行う科目です。,使用しない,フィリップ・ケンプ 『世界シネマ大事典』 三省堂 2016年 第1版,授業内テスト:中間試験、期末試験(80%)、授業参画度:リアクションペーパー(20%),メールやCanvas LMSを⽤いて質疑応答をおこなう。,"オリエンテーション（授業概要とその進め方、テストの形式などについて説明）、技術の変化と映画表現の変化の相関関係について、あらかじめおおまかに俯瞰する。【対面授業】（A-1-1)（A-3-1) (A-8-1),「古典的ハリウッド映画」の規範成立について。中間字幕、編集、カメラのフレーミング、俳優の演技といった要素がストーリーを明確に語るために利用されるようになっていく過程を確認する。（A-1-1)（A-3-1) (A-8-1),アメリカやヨーロッパで映画を使ったストーリーテリングの基本的テクニックが確立されたことを確認。ストーリーを語るためのさまざまな編集技法について、具体的に検討する。（A-1-1)（A-3-1) (A-8-1),ソヴィエト・モンタージュ派映画の主題的特性、特徴的物語構造を確認。ハリウッド映画的編集との違いも含め、モンタージュ派の編集技法上の特性について考える。（A-1-1)（A-3-1) (A-8-1),エイゼンシュテインの理論的考察を確認した後、ソヴィエト・モンタージュ派映画の特性を衣装、照明、演技と編集との関係から考える。（A-1-1)（A-3-1) (A-8-1),サイレントからトーキーへの移行の過程を詳しく見る。複数あった映像＝音声同期システムの違いや、音が加わったことでハリウッド映画に表現上の変化が生じたことなどを確認する。（A-1-1)（A-3-1) (A-8-1),日本映画のトーキー化の過程。サウンド映画と「弁士」の関係や、日本映画のトーキー化が遅れた要因等のほか、特に松竹におけるトーキー映画への移行について確認する。（A-1-1)（A-3-1) (A-8-1),映画の色彩化（無声映画期の手彩色、テクニカラーとイーストマンカラーの違い等）、各種ワイドスクリーンの登場と映画のスペクタクル化について確認する。（A-1-1)（A-3-1) (A-8-1),中間試験、前期のまとめ。（A-1-1)（A-3-1) (A-8-1),ディープフォーカス撮影小史、ディープフォーカスと長廻し撮影の組み合わせが映画にもたらした表現上の刷新、ディープフォーカスをめぐるアンドレ・バザンの理論、フランスの「映画愛好」と「作家主義」について確認する。（A-1-1)（A-3-1) (A-8-1),戦後ヨーロッパ（主に1950年代）の作家映画について。その発生の原因といくつかの共通した様式的特徴、数人の代表的作家、彼らの作風について確認する。（A-1-1)（A-3-1) (A-8-1),第二次大戦後の、各国におけるドキュメンタリー映画運動について。戦前と戦後の違い、戦後に機材が軽量小型化した結果生じた変化、イギリス、カナダ、アメリカ、イタリア、フランスで生じた各運動の共通項と違いを確認する。（A-1-1)（A-3-1) (A-8-1),1960年代の世界的映画潮流＝「新しい映画（ニューシネマあるいはニューウェイヴ）」発生の条件と、技術革新による映画の外観の変貌、それに伴う主題の変化について確認する。（A-1-1)（A-3-1) (A-8-1),1960年代末期から1990年代初頭にかけての、電子テクノロジーあるいはコンピュータ・テクノロジーによる変化について。特殊効果撮影の歴史とCGI完成の過程、3D映画の復活、1970年代以降の撮影・録音機材の変化、これらの総合としての現代的見世物映画の特性を確認する。（A-1-1)（A-3-1) (A-8-1),期末試験、後期のまとめと振り返り。（A-1-1)（A-3-1) (A-8-1)"
映像文化論,映像文化論,舘けさみ,2,1～4,文理学部,総合教育科目,前期,選択,対面授業,映像作品を視聴するため遠隔での参加は認めることができない。,現代中国映画の概観を理解する。,現代中国映画の状況を学ぶことにより、理解した内容を説明できることを目標とする。,講義,原則として講義形式で行う。,初回ガイダンス出席者に限る。,プリントを配布する。,配布資料にて指示する。,授業内テスト:第14回授業内試験(40%)、授業参画度:授業参画度は課題の提出状況およびその内容によって評価する。(60%),毎週授業終了後の教室で行う。,"ガイダンス（授業のテーマや到達目標および授業方法について説明する）,「中国映画簡史」興隆期から黄金期までについて、映画の起源と中国映画の創成期における概観を理解する。,「中国映画簡史」建国後から文化大革命時期までについて、1949年から70年代までの中国映画について学ぶ。,北京電影(映画)学院の成り立ちについて、映画専門大学の着想から成立初期までを学ぶ。,現代中国の状況と監督の世代区分について、創成期、建国後、映画学院成立後といった、中国映画独自の監督の世代区分を学ぶ(A-1-1)。,「第五世代」監督の登場について、陳凱歌初監督作品『黄色い大地』を中心に学ぶ。,「第五世代」監督初期作品について、張芸謀初監督作品『紅いコーリャン』を中心に学ぶ。,80年代の動向について「新世代」と称された他の監督作品の概要を学ぶ(A-3-1)。,90年代初めの動向について、国際的認知が高まり作品も大作化していった中国映画の概要と、中国社会状況の変遷を学ぶ。,ポスト「第五世代」監督の登場について、次の「新世代」と称された監督の登場経緯を学ぶ(A-3-1)。,90年代の新人監督について、次世代となる「新世代」監督作品の特徴を、張元監督作品を中心にして学ぶ。,90年代以降の動向について、90年代後半の中国映画の状況を学ぶ。,授業内で解説した80年代を代表する監督の作品について、事前に提出された課題を踏まえ、その特徴について補足説明する(A-1-1)。,授業内試験と到達度の確認を行う。,総括"
映像文化論,映像文化論,三澤真美恵,2,1～4,文理学部,総合教育科目,後期,選択,対面授業（一部遠隔授業）,対面授業,映像のなかでも特に映画に着目し、映画の文法はどのように編成されたのか、映画の情緒喚起力はいかに政治に利用されたのか、映画はどのように語られてきたのか、映画史、映像文化史的に重要な事例に即し、S.エイゼンシュテイン、S.クラカウアー、A.バザン、C.メッツ、E.A.カプラン、L.マルヴィなどの文献を参照しながら、映像を読み解き言語化するための基礎的な知識を身に付ける。,映画史的に重要な作品や作家、理論や視角を学び、映像を読み解き言語化するための基礎的な力を身に付けることができる。,講義,講義形式。授業内で実施するクイズやミニッツ・ペーパーで毎回のトピックに関する理解の到達度をみる。期末には授業内試験を行なって、映像を読み解き言語化するための基礎的な力が身についたか、総合的な到達度をみる。,教室状況に応じて抽選を行う。抽選は第一回目のガイダンス【同時双方向型オンライン授業】（URLはCanvasLMSに掲載予定） で行う。第二回目以降は対面授業だが、第一回目のガイダンスに関しては、教室収容人数の関係から同時双方向型オンライン授業で行うため、インターネットが使用できる環境とデバイスを各自準備しておくこと。,使用しない,阿部範之・菅原慶乃・三澤真美恵 『華語圏映画入門』 岩波書店 2025年 第1版,試験(70%)、授業参画度(30%),CanvasLMSを通じて連絡してください。,"ガイダンス。授業の進め方について説明する。映画の誕生について学ぶ。【同時双方向型オンライン授業】（URLはCanvasLMSに掲載予定）,サイレント映画① アトラクションの映画について学ぶ,サイレント映画② 映画の文法について学ぶ,サイレント映画③ ハリウッドの誕生と３大喜劇俳優について学ぶ,映像とプロパガンダ① ナチス・ドイツの事例について学ぶ(A-1-1),映像とプロパガンダ② アジア太平洋戦争期日本の事例について学ぶ,映像とプロパガンダ③ 第二次大戦後アメリカ合衆国の事例について学ぶ,ジャンルとナラティブ① 赤狩りと『ローマの休日』について学ぶ,ジャンルとナラティブ② フェミニズム映画理論とヒッチコック映画について学ぶ,ジャンルとナラティブ③ 反人種主義とブルース・リー映画について学ぶ(A-3-1),映画をどう語るか① ジェンダーの視角とディズニー映画・SF映画について学ぶ,映画をどう語るか② クイア・スタディーズの視角と『セルロイド・クローゼット』について学ぶ,映画をどう語るか③ ホロコースト映画と「表象の不可能性」について学ぶ,授業内試験,試験に関する解説。理解が不足していると思われるポイントについて補足したうえで、授業全体を振り返ってディスカションを行う(A-8-1)"
映像文化論,映像文化論,櫻井一成,2,1～4,文理学部,総合教育科目,後期,選択,対面授業,,写真について,この授業では以下のことを目標としています。,講義,毎回リアクション・ペーパーを設定します（Canvas LMS）が、提出は義務ではありません。疑問・確認・主張・リクエスト等があるときに記入してください。内容に応じて加点します。有意義とみなしたペーパーについては、次回の授業時に紹介します。,CHIPSによる抽選を行う。,教科書は使用しません。毎回プリントを配布します。,デイヴィッド・ホックニー、マーティン・ゲイフォード 『絵画の歴史：洞窟絵画からiPadまで』 青幻舎 2020年,試験(90%)、授業参画度:リアクション・ペーパーの内容など(10%),メールでアポイントメントをとってください。,"授業オリエンテーション（授業の進め方、文献紹介、単位認定の方針など）,絵画と写真１：絵画論の歴史,絵画と写真２：カメラオブスクラと絵画,絵画と写真３：絵画が「リアル」であるとはどういうことか,写真の歴史と理論１,写真の歴史と理論２,写真の理論と歴史３,写真の歴史と理論４,写真の理論と歴史５,写真の理論と歴史６,社会のなかの写真１,社会のなかの写真２,社会のなかの写真３,総括（学習内容の整理、試験問題の取り組み方など）,授業内試験と解説"
演劇論,演劇論,元氏久美子,2,1～4,文理学部,総合教育科目,後期,選択,対面授業,対面授業,2014年はシェイクスピア(1564-1616)生誕450年、2016年は没後400年の記念の年でした。約400年前のこの英国の劇作家が古今東西の演劇に与える影響は驚くほどです。日本では、『間違いの狂言』(2001年)、『NINAGAWA十二夜』(2005年)、『不破留寿之太夫』(2014年)などシェイクスピア作品が日本の古典芸能と結びついた例があります。本授業ではシェイクスピアの代表作品を読みながら日本の古典芸能についても学びます。そしてコロナによる演劇の変化についても考えたいと思います。シェイクスピア作品をじっくり読みながら演劇について学び、考え、演劇に関する基本的知識を得ることを目標とします。,シェイクスピア作品を通して、演劇について学び、考え、演劇に関する基本的な知識を得ることができる。,講義,授業の形式：【講義】,抽選を実施します。,使用しない,ウィリアム・シェイクスピア著、松岡和子訳 『十二夜 （シェイクスピア全集 6）』 筑摩書房,レポート(25%)、授業参画度(75%),メールやCanvas LMSを用いて質疑応答を行います。,"ガイダンス(授業の進め方、評価方法などについての説明)、シェイクスピアについてなど。(A-1-1)(A-3-1)(A-8-1),演劇とは―シェイクスピアが語る演劇論とコロナ禍の演劇－(A-1-1)(A-3-1)(A-8-1),,,,,,,,,,,,,学習内容の整理 (A-1-1)(A-3-1)(A-8-1)"
演劇論,演劇論,星野高,2,1～4,文理学部,総合教育科目,後期,選択,対面授業,,大正時代の「帝国劇場」（通称・帝劇）に視座をすえ、その時代に帝劇を中心に盛んに上演された『サロメ』に注目し、関連するいくつかのトピックをあわせて眺めることで、近代の日本演劇史をたどります。現在も東京丸の内で興行を続ける帝国劇場（※）は、明治末年の開場以来100年余りにわたって多様な舞台作品を上演してきました。特に大正時代には、人々に忘れがたい印象を残す数多くの舞台が演じられ、その西洋風の建築や観劇スタイルもあいまって、当時の文化を代表する存在と目されていました。また同時代の海外の演劇潮流がいち早く紹介される場でもありました。大正時代を代表する劇場である帝劇について、文化史的視点・比較演劇史的視点を取り入れながら論じ、近代日本演劇史を概観します。 ※昨年度より改装のため一時休館中。,〈授業のねらい〉,講義,対面のみ。各回のテーマに関して、授業内で配布する資料や、映像・図像資料をつかって説明します。授業でとりあげた出来事について、コメントを提出してもらうことがあります。フィードバックは授業冒頭で行います。,,使用しない,高野正雄 『喜劇の殿様 益田太郎冠者伝 （角川叢書）』 角川書店 2002年,試験(60%)、授業内テスト:小テスト(30%)、授業参画度:授業内容に関するコメントなどの提出状況(10%),メールやCanvas LMSによって質問に対応します。,"大正文化の中の帝劇,現代の演劇（１）,現代の演劇（２）,芝居小屋から劇場へ（１）,芝居小屋から劇場へ（２）,芝居小屋から劇場へ（３）,大正の『サロメ』ブーム（１）,大正の『サロメ』ブーム（２）と講義前半のまとめ,大正の『サロメ』ブーム（３）,大正の『サロメ』ブーム（４）,大正の『サロメ』ブーム（５）,大正の『サロメ』ブーム（６）,大正の『サロメ』ブーム（７）,ヴァラエティ・シアターとしての大正期帝国劇場,講義後半のまとめ（A-8-1）"
美術史,美術史,金子馨,2,1～4,文理学部,総合教育科目,後期,選択,対面授業,基本的には教室における講義となります。,日本の美術を通じて、日本文化の特質を学んでいきます。美術館や博物館、書籍やインターネットなどで多くの作品を見ることができますが、本授業では書跡や絵画を中心に、代表的な作品を取り上げて日本美術の歴史を概観します。作品のかたちや技法、主題、時代背景などに着目して、その成り立ちと展開についても考えていきます。,・書跡や絵画を中心に、日本美術についての基礎的知識を修得すること。,講義、実習,・主にPowerPointと配布資料を使用して授業を進めます。,,指定の教科書はありませんが、「参考書」に挙げた資料などを用いて予習・復習してください。,辻惟雄監修 『増補新装 カラー版 日本美術史』 美術出版社,授業内テスト:授業時に確認テストを行う(60%)、授業参画度:受講姿勢のほか、毎時間のリアクションペーパーの回答内容や提出物など(40%),Canvas LMSのメッセージ機能で随時受け付けるが、対応までに時間を要することもある。,"ガイダンス 授業の進め方、評価の方法などについて,作品を鑑賞すること、鑑賞の方法について,仏教美術について 写経や絵画、仏像を中心に,書跡の美しさについて 漢字の書を中心に,仮名の書の美しさ、古筆について,平安時代・鎌倉時代の絵画について 絵巻を中心に,散らし書きの美しさについて 三色紙を中心に,室町時代の絵画について 水墨画を中心に,日本のやきものについて,茶の湯をとりまく美術について,料紙装飾について,日本の絵画について やまと絵とは,江戸時代以降の絵画について 浮世絵を中心に,確認テストと解説,総括、近代の美術について 板谷波山・小杉放菴を中心に"
美術史,美術史,郭在祐,2,1～4,文理学部,総合教育科目,前期,選択,対面授業,対面授業,東アジアの日本は隣国の中国及び韓国から多大な影響を受けながら自国の文化を形成し、その中で美術についても同様である。大陸の美術影響や韓半島(朝鮮半島)との密接な関係、状況を無視しては日本美術を語ることは出来ない。しかし、それは現代至っては決して一方的な影響関係にはいかない。まず、もっとも近い隣国である韓国美術(美術史)を通じて歴史、文化、美術を理解し、基本的な知識を学びます。各時代の社会的な背景を基に代表的な作例を取り上げた作品を観察し比較検討しながら具体的に説明する。そして、日韓美術の展開を捉えていくことを課題にする。,経験や学修から得られた豊かな知識と教養に基づいて、倫理的な課題を理解し説明することができる(A-1-1)。,講義,授業の形式:【講義】パワ-ポイントを利用して講義形式で行う。,韓国美術や歴史、文化について興味があって学習したいそして、活かしたい気持ちが強い受講生。例え、美術館学芸員、博物館学芸員を目指す受講生。(基本的に対面授業に参加できる学生のみ履修可能),プリントを配布する。,『朝鮮王朝の絵画と日本(図録)』 2008年 第1版,レポート:授業内容によって事前に知らせます。(30%)、授業内テスト:授業内容によって小テスト(鑑賞文め意見)をします。(50%)、授業参画度:毎回出席は取ります。部活活動での欠席は認めません。(20%),下記のメールで受け付けます。。,"ガイダンス(各回講義テ-マや目的及び方法について細かく説明する),韓国の美-韓屋-,朝鮮王朝時代初期と中期の絵画について。,朝鮮王朝時代後期と末期の絵画について。,画家 金弘道の風俗画について,画家 金弘道の新しさ。,朝鮮王朝時代絵画の中にみられる女性-特に風俗画の中で-。,韓国の亭子にのついて-東屋-,民画について-現代-,15世紀に活躍した画家文清ついて,作品鑑賞=韓国絵画史1-5,作品鑑賞=韓国絵画史6-10,韓国画・東洋画について,韓国と日本の作品比較,総括-全体の韓国の美を考える-"
美術史,美術史,伊藤已令,2,1～4,文理学部,総合教育科目,前期,選択,対面授業,,本講義では、西洋美術史を社会や技術との関わりから考える。古代から19世紀までの美術を取り上げ、宗教や国家、都市、経済といった社会的背景や、建築技術や制作技法の発展が、美術の主題や表現のあり方にどのように関わってきたかを見ていく。あわせて、比例理論や遠近法など、当時の知のあり方にも触れながら、美術作品を個人の表現としてだけでなく、社会の中で共有されてきた視覚表現として理解することを目指す。,"(1)西洋美術史の主要な時代・様式・作家を概観し、社会的・政治的・宗教的背景との関わりを説明できる。A1,A2",講義,授業計画にしたがって各回レジュメを配布し、作品を投影しながら内容を説明する。授業のふりかえりのために毎回課題を実施する。課題については、翌週の冒頭で解説・講評を行う。授業中の発言、課題によって授業参画度を測る。,CHIPSによる抽選を行う,使用しない,高階秀爾監修 『『西洋美術史』』 美術出版社 1990年,試験(50%)、授業参画度:課題、発言(50%),授業後、教室にて質問を受け付ける,"シラバスに基づき授業内容を説明する。美術史とは何か／個人表現と社会・技術の関係／前期の学習目標など,古代ギリシャの美術 都市国家・宗教と美術、人間の理想と比例・秩序,古代ローマ 建築技術と公共建築／私邸装飾のモザイク・フレスコ,中世キリスト教 神学的世界観の反映としての建築・装飾／教育的機能としての美術,ルネサンス 人文主義・都市国家・パトロン／遠近法・比例・解剖学の技術／美術の社会的機能と制作体制,マニエリスム 政治的・宗教的混乱／北ヨーロッパと地中海の緊張／古典価値の揺らぎと奇想的発想,版画と美術 複製技術の発明と展開／版画の影響,イタリアバロック カトリック教会の勝利の演出／大規模プロジェクト／光と空間の演出,17世紀オランダ 市民社会・商業都市／風俗画・肖像画／経済性と美術,17・18世紀フランス 絶対王権と宮殿建築／美術制度／宮廷文化とラグジュアリーの表現,フランス革命 政治カリカチュア・民衆版画／革命記念建築・公共空間／絵画・彫刻による秩序・英雄象徴,新古典主義 秩序回復・復古趣味／理性礼賛／古典模倣,ロマン主義 国家主義・理性主義への反動／感情・個人・自然への回帰,写実主義 社会主義の台頭／都市化・階級社会への批判／日常生活・労働・都市景観の写実描写,印象派 都市化・光学・写真技術の影響／筆致・色彩の革新／市民社会のテーマ"
イスラム圏の歴史・社会・文化,イスラム圏の歴史・社会・文化,六辻彰二,2,1～4,文理学部,総合教育科目,後期,選択,遠隔授業（オンデマンド型）,授業はオンデマンド形式で行う。毎回、動画URLをCanvas LMSに掲載する。,イスラーム世界の影響力は今後ますます高まるとみられているが、日本ではこれに関する理解が乏しいといわざるを得ない。イスラーム世界のあり方を知ることで、日本や欧米諸国の社会を改めて見つめなおす契機にしたい。本講義ではイスラーム世界の歴史や価値観とともに、そのなかから生まれている過激派の論理についても取り上げ、イスラーム世界の変容について考える。,【ねらい】,講義,講義はオンデマンド形式で行う。,,使用しない,六辻彰二 『イスラム 敵の論理 味方の理由』 さくら舎 2015年,レポート:学期末レポート(70%)、小テスト(30%),質問などはメールで応じるが、以下の点に注意すること。,"導入:全体のガイダンスをして、次回以降に備える。,イスラーム世界の形成（1）ムハンマドの登場：イスラーム世界が誕生した背景やその教義の特徴について取り上げる。,イスラーム世界の形成（2）「アッバース革命」の意味：750年に誕生したアッバース朝がその後のイスラーム世界の形成に及ぼした影響について考える。,イスラーム世界の形成（3）オスマン帝国の盛衰：トルコ人の帝国であるオスマン帝国がイスラーム世界にもたらしたインパクトについて取り上げる。,イスラーム世界の形成（4）アジア、ヨーロッパ、アフリカへの拡大：中東以外の地域にイスラームが伝播した様相を取り上げ、その現代への影響を検討する。,イスラームの伝統的な考え方（1）全ては神のもとに：人間と社会のかかわり方についての理解が、イスラーム世界と近代西洋的なものとでは大きく異なることを説明する。,イスラームの伝統的な考え方（2）イスラームは宗教ではない：イスラームが個人の信仰としてではなく、社会のあり方を規定する規範としてあることを考える。,イスラームの伝統的な考え方（3）異教徒との共存は可能：イスラーム世界における戦争の考え方について取り上げる。,イスラームの伝統的な考え方（4）為政者は信仰に従って統治しなければならない：教義と政治の合一を目指す考え方を検討する。,イスラームの伝統的な考え方（5）ムスリムは助け合わなければならない：「喜捨」が義務としてあることの意味を考える。,イスラーム過激派の論理（1）為政者が信仰に背いている：政教一致を旨とするイスラーム世界における「世直し」の論理を考える。,イスラーム過激派の論理（2）イスラーム世界が一つでなくなっている：国家によって分断されるイスラーム世界のあり方への批判を取り上げる。,イスラーム過激派の論理（3）イスラーム世界が欧米文化に脅かされている：イスラーム的な文化や価値観が衰弱することへの警戒感を取り上げる。,イスラーム過激派の論理（4）聖職者が教義を捻じ曲げている：イスラーム世界における宗教改革として過激派をとらえなおす。,まとめ（A-1-1）（A-3-1）"
情報と社会,情報と社会,毛利康秀,2,1～4,文理学部,総合教育科目,後期,選択,対面授業,対面型授業（Canvas LMSより教材レジメとPowerPoint資料を配信します。）,社会の情報化が高度に進展しつつある現在、情報についての理解を深めていくには、技術的な側面のみならず社会的な視点からのアプローチも不可欠である。この講義では「情報化と社会との関わり」という観点から考察を深めていく。理科系分野と文科系分野の橋渡しになるような内容を目指している。,社会的な視点から「情報」ならびに「情報化」について考えていく。,講義,毎回プリントを配布し、プリントに添って講義形式で進めていく。対面授業が難しい場合は、PowerPoint資料に動画を付加したオンデマンド型授業を実施する予定である。理解度をはかるため、プリントの末尾にて毎回小課題を出す。,受講希望者が多数になる時は抽選を行う。,教科書は特に使用しない。毎回プリントを配布する。,参考となる資料も適宜配布する。授業の理解度を高めるための参考書を適宜紹介することがある。,レポート:試験を兼ねた期末レポートの内容で評価する（１回）(70%)、授業参画度:出席確認を兼ねた毎回の小課題によって参画度をはかる（15回）(30%),授業の前後の時間帯。メールでの質問も歓迎。詳細は初回授業時に説明する。,"授業内容の説明、受講にあたっての注意事項などを説明します。(A-3-1),人間にとって情報とは何か？,社会の情報化とは何か？,情報技術革新の歴史を考える（１）電気を使わない時代の情報通信,情報技術革新の歴史を考える（２）電気通信の発明以降の世界情勢の変化,現代の情報技術の特徴,情報技術の革新と社会の変容,ネットワークと社会構造―ネットワークとは何か,コミュニケーションと社会―コミュニケーションとは何か,メディアと社会―メディアとは何か,マス・メディアとは何か,パーソナル・メディア、ネットワーク・メディアとは何か,情報化社会と知的財産権,情報化社会を生き抜くために,講義内容の整理と解説"
情報とコミュニケーション,情報とコミュニケーション,渡辺勇士,2,1～4,文理学部,総合教育科目,後期,選択,対面授業（一部遠隔授業）,オンデマンド型動画配信を7回含む,私たちの暮らしは「情報」にあふれており、その技術の発展が私たちの暮らしをより便利で豊かなものにしている。この授業では、情報と私たちの暮らしやコミュニケーションの関わりについて、歴史的な経緯を踏まえた上で情報モラルやマナーについて考えるとともに、情報発信者としての責任についても議論する。また最新技術やサービスが与える次世代のコミュニケーションの在り方とともに情報セキュリティについても学修する。,この授業では、情報技術の発展過程や新しい技術および仕組みを知ることで暮らしやコミュニケーションの変化を理解できるようになることを目的とする。そして、情報セキュリティに関する知識と技術の習得のみならず、情報の安全を担う能力と態度を育成する。,講義、演習,・ 授業方法は教員による講義を中心とするが、全15回の授業実施の中で、学生たちが主体的に参加し、議論するワークショップを数回行う。,・ 本授業は教室定員を超える受講希望者がいる場合は抽選をする。抽選は本科目独自に行います。CHIPS等は利用しませんが、教務課で定められた抽選の期日までに初回の授業のオンデマンド授業動画を視聴し、そこで案内される方法で抽選に申し込んでください。,教科書は使用せず、資料はLMSなどで閲覧できるようにする。,必要に応じて授業で紹介する。,レポート:計2回のレポート課題(30%)、授業参画度:毎授業での予習課題・小テスト／小課題(40%)、毎授業での振り返り課題(30%),質問はメールを用いて受付および回答を行う。,"ガイダンス（講義の内容と進め⽅、成績評価など）,情報技術の歴史を考える(1)(A-2-1,A-4-1),情報技術の歴史を考える(2)(A-2-1,A-4-1),情報技術の歴史を考える(3)(A-2-1,A-4-1),情報技術と情報発信を考える (1) (A-3-1, A-4-1),情報技術と情報発信を考える (2)(A-3-1, A-4-1),情報技術と情報発信を考える (3)(A-3-1,A-4-1),情報技術とメディアについて考える(A-3-1),情報技術と生成AIについてを考える(A-4-1),情報の発信者の責任 (1)(A-3-1,A-4-1),情報の発信者の責任 (2)(A-3-1,A-4-1),情報技術とメディアを考える(1)(A-3-1),情報技術とメディアを考える(2)(A-3-1),情報技術と教育を考える(A-3-1),講義内容のまとめ(A-2-1,A-3-1,A-4-1)"
,,渡辺勇士,2,1～4,文理学部,総合教育科目,前期,選択,対面授業（一部遠隔授業）,オンデマンド型動画配信を7回含む,私たちの暮らしは「情報」にあふれており、その技術の発展が私たちの暮らしをより便利で豊かなものにしている。この授業では、情報と私たちの暮らしやコミュニケーションの関わりについて、歴史的な経緯を踏まえた上で情報モラルやマナーについて考えるとともに、情報発信者としての責任についても議論する。また最新技術やサービスが与える次世代のコミュニケーションの在り方とともに情報セキュリティについても学修する。,この授業では、情報技術の発展過程や新しい技術および仕組みを知ることで暮らしやコミュニケーションの変化を理解できるようになることを目的とする。そして、情報セキュリティに関する知識と技術の習得のみならず、情報の安全を担う能力と態度を育成する。,講義、演習,・ 授業方法は教員による講義を中心とするが、全15回の授業実施の中で、学生たちが主体的に参加し、議論するワークショップを数回行う。,・ 本授業は教室定員を超える受講希望者がいる場合は抽選をする。抽選は本科目独自に行います。CHIPS等は利用しませんが、教務課で定められた抽選の期日までに初回の授業のオンデマンド授業動画を視聴し、そこで案内される方法で抽選に申し込んでください。,教科書は使用せず、資料はLMSなどで閲覧できるようにする。,必要に応じて授業で紹介する。,レポート:計2回のレポート課題(30%)、授業参画度:毎授業での予習課題・小テスト／小課題(40%)、毎授業での振り返り課題(30%),質問はメールを用いて受付および回答を行う。,"ガイダンス（講義の内容と進め⽅、成績評価など）,情報技術の歴史を考える(1)(A-2-1,A-4-1),情報技術の歴史を考える(2)(A-2-1,A-4-1),情報技術の歴史を考える(3)(A-2-1,A-4-1),情報技術と情報発信を考える (1) (A-3-1, A-4-1),情報技術と情報発信を考える (2)(A-3-1, A-4-1),情報技術と情報発信を考える (3)(A-3-1,A-4-1),情報技術とメディアについて考える(A-3-1),情報技術と生成AIについてを考える(A-4-1),情報の発信者の責任 (1)(A-3-1,A-4-1),情報の発信者の責任 (2)(A-3-1,A-4-1),情報技術とメディアを考える(1)(A-3-1),情報技術とメディアを考える(2)(A-3-1),情報技術と教育を考える(A-3-1),講義内容のまとめ(A-2-1,A-3-1,A-4-1)"
現代社会を支える科学技術,現代社会を支える科学技術,十代健,2,1～4,文理学部,総合教育科目,前期,選択,対面授業（ハイフレックス型）,基本的に教室での対面授業とそのライブ配信で実施する。１～２回の講義がオンデマンドに変更になる可能性はあるが、その場合は、Canvas LMSなどを経由して事前に告知する。,現代社会は高度な科学技術に基づき便利な世の中が形成されているが、その科学技術を理解するためには、高度な数学・物理学・化学の知識が必要になる。しかし、大部分の社会人が十分な科学リテラシーを身につけておらず、高校までの数学・物理・化学といった学問体系は不十分と言わざるを得ない。本講義では、全く異なるアプローチで高度な社会を生き抜く科学リテラシーを身につけることを目指し、具体的には携帯電話スマートフォンの便利な機能に着目し、その根底にある原理を解説していく。,【授業のねらい】,講義,高度な数学の知識を必要とせず、前提知識が必要な原理については、前提知識の講義の回と、その原理を応用した機能の回と、複数回に分けて丁寧に説明する。教壇において簡単なデモンストレーション実験も行い科学技術に興味をもつようにする。,特になし,使用しない,使用しない,リアクションペーパーやクイズ(100%),講義終了後、対面もしくはZoom経由で質問は受け付ける。,"イントロダクション（携帯電話が科学技術の宝庫であることを知る）および科学リテラシー副専攻の紹介,電波とは（共鳴現象）(A-3-1,A-4-1),交通系ＩＣカードと電磁誘導(A-3-1,A-4-1),原子と周期表(A-5-1),Liイオン電池(A-3-1,A-4-1),フーリエ変換と音声認識(A-3-1,A-4-1),相対性理論(A-5-1),全地球測位システムGPS(A-3-1,A-4-1),暗号技術と素因数分解(A-3-1,A-4-1),機械翻訳(A-3-1,A-4-1),量子力学(A-5-1),ＬＳＩと光リソグラフィー(A-3-1,A-4-1),青色ＬＥＤ(A-3-1,A-4-1),原子力問題(A-3-1,A-4-1),科学技術に対する質問への回答（講義の総括）"
現代社会を支える化学,現代社会を支える化学,藤森裕基，岩堀史靖,2,1～4,文理学部,総合教育科目,後期,選択,対面授業,対面型講義（15回）。,現代社会を支えている化学の一端（原子レベルからの化学基礎，文明生活を支える化学，化学にまつわる熱やエネルギーなど）を紹介し、それらの基礎原理を講義する。,我々の生活を様々な形で取り囲んでいる化学を学び、理解し、説明ができるようになる。,講義、オムニバス,本科目は高大連携教育科目です。,本講義は専門科目ではないため，理系専攻（特に化学科）の学生は本講義以外の科目を受講することを勧めます。,使用しない,なし,レポート:前半部，後半部それぞれでレポートを課す。(80%)、授業参画度:リアクションペーパーの提出を求め，その内容で授業参画度を評価する。(20%),授業終了時、適宜。,"スタートアップ：講義のテーマ・目的を理解できる。講義の到達目標や評価基準について理解できる(A-3-1, A-4-1, A-5-1)。,無機化学（１）：原子の構造、原子核の性質とその周辺知識について学習する(A-3-1, A-4-1, A-5-1)。,無機化学（２）：第２回で学んだ化学を実験的に理解し、それを理論的に説明できるようにする(A-3-1, A-4-1, A-5-1)。,無機化学（３）：酸化還元反応や電位（イオン化列）、それを利用した電池について学習する(A-3-1, A-4-1, A-5-1)。,無機化学（４）：第４回で学んだ化学を実験的に理解し、それを理論的に説明できるようにする(A-3-1, A-4-1, A-5-1)。,有機化学（１）：炭素を中心とした化学の重要性を理解し、説明できるようにする(A-3-1, A-4-1, A-5-1)。,有機化学（２）：分子の組み換え…いくつかの化学反応とその周辺知識について学習する(A-3-1, A-4-1, A-5-1)。,有機化学（３）：第６回で学んだ化学を実験的に理解し、それを理論的に説明できるようにする(A-3-1, A-4-1, A-5-1)。,熱力学の基礎：熱力学の法則について学習する(A-3-1, A-4-1, A-5-1)。,からだのなかの化学：からだは何からできているかを学習する(A-3-1, A-4-1, A-5-1)。,食品の化学：チョコレートの美味しさを化学的に学習する(A-3-1, A-4-1, A-5-1)。,核磁気共鳴（NMR)：化学で重要なNMRについて学習する(A-3-1, A-4-1, A-5-1)。,液晶の化学：液晶物質の性質にいて学習する(A-3-1, A-4-1, A-5-1)。,水と氷：水と氷の特異的な性質について学習する(A-3-1, A-4-1, A-5-1)。,ガラス：世界のガラスについて化学的観点から学習する(A-3-1, A-4-1, A-5-1)。"
原子の世界,原子の世界,川上隆輝,2,1～4,文理学部,総合教育科目,後期,選択,対面授業,,物質を構成する原子（元素）は、陽子数に基づけばわずか 118 種類に過ぎない。しかし、これらの原子の組み合わせ方や配列の違いによって、世の中には多種多様な物質が存在し、それぞれが独自の性質を示す。では、この“物質の多様性”はどこから生じるのだろうか。本講義では、その根源にある物理・化学の基本原理を用いて、物質の性質の起源を探究する。,高校では触れる機会の少ない、原子や分子といった“ミクロの世界”の物理を学び、身のまわりの物質がどのような仕組みで成り立っているのかを理解することを目指します。原子どうしがどのように結びつき、どのようにして固体、液体、気体、さらにはスマートフォンなどの高度な機能材料が生まれるのかを、できるだけ直感的に理解できるように解説します。,講義,－授業の進め方－,本科目は 抽選科目に指定されています。定員を超えた場合は、大学が定める方式に従い CHIPS による抽選を実施します。抽選申請期間や手続き方法の詳細は COMITS2 に掲載されていますので、必ず確認してください。,なし,参考書を必要とする学生は相談してください。,授業内テスト:第15回のときに対面で学期末テストを行う。(30%)、授業参画度:対面での授業に参加し，確認テストの答案を採点して総合的に判断する(70%),授業終了後に質問などを受けつける。（対面の学生は教室で，オンデマンド型の学生はメールで対応する）,"ガイダンス（授業テーマや到達目標および授業の進め方について説明する。残りの時間で授業を行い，授業の雰囲気を知ってもらう）(A-5-1),原子が集合することで生まれる物質の多様性について講義する。(A-3-1, A-4-1, A-5-1)【対面授業】,マクロの世界とミクロの世界について講義する。(A-3-1, A-4-1, A-5-1),原子核のまわりをまわる電子の軌道について講義する。(A-3-1, A-4-1, A-5-1),原子が磁気を帯びるときはどのようなときかについて講義する。(A-3-1, A-4-1, A-5-1),原子をつなぐ電子の手（共有結合）について講義する。((A-3-1, A-4-1, A-5-1),金属と絶縁体（半導体）の違いについて講義する。(A-3-1, A-4-1, A-5-1),リチウムイオン電池，水素など，これからのエネルギーについて講義する。(A-3-1, A-4-1, A-5-1),金属人工格子について講義する。(A-3-1, A-4-1, A-5-1),トンネル効果と最先端磁気メモリのMRAMについて講義する。(A-3-1, A-4-1, A-5-1),半導体，フラッシュメモリについて講義する。(A-3-1, A-4-1, A-5-1),太陽光発電について講義する。(A-3-1, A-4-1, A-5-1),原子力発電と核融合発電について講義する。(A-3-1, A-4-1, A-5-1),室温で凍る水について講義する。(A-3-1, A-4-1, A-5-1),放射線について講義する。その後，学期末テストを行いフィードバックする。(A-3-1, A-4-1, A-5-1)"
生活の中の数学,宇宙を理解する,松土恵理,2,1～4,文理学部,総合教育科目,後期,選択,対面授業,,身近なものや現象を数学的に分析する．またその分析を通して，数学の考え方を理解する．,＜授業のねらい・到達目標＞,講義,➀対面授業にて授業の解説を行う．,,教科書は用いない．参考文献は必要に応じて紹介する．,使用しない,レポート(50%)、授業参画度(50%),メールまたはCanvas（随時）,"授業概要の説明を行う．,［四色定理］四色定理について学ぶ．(A-3,A-4),二色定理について学ぶ．(A-3,A-4),［四色定理］五色定理について学ぶ．(A-3,A-4),［四色定理］五色定理について学ぶ．(A-3,A-4),［身近な数学］生活の中の数学を探してみる(A-3,A-4),［折り紙］折り紙の歴史，平坦折り(A-3,A-4),［折り紙］等分法(A-3,A-4),［折り紙］折り鶴(A-3,A-4),［折り紙］剛体折り紙・初等数学における折り紙(A-3,A-4),［だまし絵］だまし絵と錯視(A-3,A-4),［だまし絵］不可能物体(A-3,A-4),［だまし絵］不可能物体の作り方(A-3,A-4),［だまし絵］エッシャーと錯視(A-3,A-4),まとめ（これまでの講義内容を振り返り，授業内容の理解を含める）"
数学を楽しむ,数学を楽しむ,松土恵理,2,1～4,文理学部,総合教育科目,前期,選択,対面授業,,本講義では主に「トポロジー」「多面体」「結び目理論」を扱う．これらに対して証明や計算力などの数学的な側面だけでなく，歴史的背景や文化的な側面についても触れる．数学を身近なものとして「楽しむ」ことに焦点を当て，教養知識の習得を目指す．,＜授業のねらい・到達目標＞,講義,➀対面授業にて授業の解説を行う．,授業開始前にCHIPSによる抽選を行う科目です。,教科書は用いない．参考文献は必要に応じて紹介する．,なし,レポート(50%)、授業参画度(50%),メールまたはCanvas LMS（随時）,"授業概要の説明を行う．,［トポロジー］トポロジーという考え方(A-3,A-4),［トポロジー］トポロジーから見た宇宙(A-3,A-4),［トポロジー］“４次元”の考え方(A-3,A-4),［トポロジー］様々な宇宙のかたち(A-3,A-4),［レポート］自分と数学について考える．(A-3,A-4),［多面体］多面体の定義と分類(A-3,A-4),［多面体］オイラーの多面体公式(A-3,A-4),［多面体］星型多面体(A-3,A-4),［多面体］様々な多面体(A-3,A-4),［結び目］結び目理論とは(A-3,A-4),［結び目］結び目を“解く”(A-3,A-4),［結び目］結び目の３彩色(A-3,A-4),［結び目］結び目のｎ彩色(A-3,A-4),まとめ（これまでの講義内容を振り返り，授業内容の理解を含める）"
心の健康,心の健康,須永範明,2,1～4,文理学部,総合教育科目,後期,選択,対面授業,,本授業のテーマは「心の健康」である。現代に生きる私たちの「心の健康」の現状、「心の健康」におけるさまざまな問題、問題に対する効果的な取り組むについて講義する。本授業では、「心の健康」をウェルビーイング(well-being=よい状態)の観点から捉える。ウェルビーイングは、「幸福」や「健康」を含んだ大きな概念である。つまり、健康であり幸福であるという「よい状態」に至り、それを持続するにはどういう事柄が大切か解説する。本授業の内容の多くは、ポジティブ心理学の領域で行なわれた実証的な研究の成果に基づいており、データに裏付けられている。,本授業のねらいは、心理的健康とウェルビーイング(well-being=よい状態)について学ぶことであり、本学卒業後も永く健康を保ち、自分らしく人生を送る一助とすることである。,講義,本授業では反転授業を行なう。すなわち、授業内容の学習はひとりひとりの受講生が主体的に進め、授業時には主に質疑応答と、理解度を確認する小テストを行なう。授業内容に関する資料とPowerPointで作成した授業動画を授業の1週間前にCanvas LMSに掲載する。資料をダウンロードして読み、授業動画を視聴すること。毎回の授業時には、学習内容のなかで重要な箇所や分かりにくい箇所について解説し、質疑応答を行なう。その後、授業内小テストをCanvas LMS経由で実施し、学習内容の理解度を自己確認する。授業内小テストの達成度はCanvas LMS上で即座にフィールドバックされる。毎回の授業では、解説・質疑応答・授業内小テストの組み合わせを2セットないし3セット行なう。なお、授業で学ぶウェルビーイング改善方法を日常生活の中で実践する課題が3つある。この課題は、ウェルビーイング改善方法をやってみるという体験が目的であり、上手くできるかどうかは問わない。,履修希望者が多い場合は、CHIPSによる抽選を行なうことがある。,教科書は使用しない。学習内容に関する資料は授業の1週間前にCanvas LMSに掲載する。,マーティン・セリグマン（著） 宇野カオリ（監訳） 『ポジティブ心理学の挑戦 “幸福”から“持続的幸福”へ』 ディスカヴァー・トゥエンティワン 2014年 第1版,試験(50%)、授業内テスト:理解度を自己確認するために毎回の授業時に実施する授業内小テスト(30%)、ウェルビーイング改善方法を日常生活の中で実践する課題（3課題）(20%),質問等はメールで問い合わせていただきたい。,"オリエンテーション,現代社会と心理的健康,ストレスとは何か,ストレスのしくみ,青年期のリスク(1) 従来の青年期観とその根拠,青年期のリスク(2) 脳神経科学の青年期研究と新しい青年期観,Well-beingを高める(1):「意志力」を鍛える,働くこととストレス,成人期のリスクとその対処,Well-beingを高める(2):well-beingに関わる要因－経済的要因,Well-beingを高める(3):well-beingに関わる要因－個人の要因,Well-beingを高める(4):「今日のよい出来事」など,Well-beingを高める(5):感謝、親切など,Well-beingを高める(6):ストレスの神話と取り組みの注意点,Well-beingを高める(7):認知的再構成"
心の健康,心の健康,服部卓,2,1～4,文理学部,総合教育科目,前期,選択,対面授業,対面授業形式で講義を中心とする。 配布資料等はあらかじめCANVAS上より配信する,健康の科学Ⅲは心の健康について取り扱います。現代ほどこころの健康について言われるような時代はなかったと思います。文明の発展は同時に私たちの心に大きな負担を強いるようになってきています。それは時として私たちの人生に大きな影響を与えることもあり、様々な対策が行われるようになってきました。自分たちのメンタルヘルスを守るために、まず大切なのは適切な知識を得ることです。この授業では、メンタルヘルスに関して様々な方向から見て行くことで、皆さん自身のメンタルヘルスを考えるきっかけとなってほしいと思っています。,(1)メンタルヘルスに関する正しい知識を身につけ、自分自身のメンタルヘルスを健康に保てるように応用できる力を養う。,講義,（１）授業の形式：【講義】,授業開始前にCHIPSによる抽選を行う科目です。,なし、適宜レジメを配布する,適宜、授業内で紹介してゆく,授業内テスト:第14回に知識の確認を目的に行う。(70%)、授業参画度:授業参画度はオンデマンド教材の視聴状況とワークシートの回答状況による(30%),CANVAS 等に質問（感想）を書き込む掲示板などを用意する。,"オリエンテーション、今を生きるためのメンタルヘルス；こころの健康って何だろう こころの健康に関する概念を整理します。メンタルヘルスについてどのような視点があるか、現在のような困難な中でメンタルヘルスをどう保つかを理解する(A-1),メンタルヘルスとストレス ストレスとはどのようなものかについて学びます(A-2),メンタルヘルスとストレス ストレス・マネージメント ストレスへの様々な対処法を学びます(A-4,5),メンタルヘルスとストレス 考え方とストレス 認知行動療法(A-4,5),メンタルヘルスとその周辺 自己イメージとメンタルヘルス(A-3,5),メンタルヘルスとこころの働き 力動的、人間学的心理学的観点から(A-2,3),メンタルヘルスとこころの働き 行動主義心理学的アプローチ(A-2,3),メンタルヘルスとこころの働き アドラーおよびユング心理学的アプローチをふくめた精神力動的アプローチ(A-3,4),メンタルヘルスとこころの働き ポジティブサイコロジーの果たせる役割(A-2,4),メンタルヘルスとその周辺 心の病とはなにか、心の病にはどのようなものがあるのか(A-3,4),メンタルヘルスに影響するもの 生涯発達心理学から見て（A-2,3）,メンタルヘルスに影響するもの あらためてトラウマについて考える（A-2,5）,メンタルヘルスとその周辺 こころの病の中で発達障害を中心に若者に関連するものについて考える（A-4,5）,試験と解説 ここまでの知識を確認する（A-3,4）,メンタルヘルスとその周辺 芸術活動（絵画、音楽）とメンタルヘルス（A-1,5）"
身体の健康,身体の健康,松本恵,2,1～4,文理学部,総合教育科目,後期,選択,遠隔授業（オンデマンド型）,Canvas LMSに提示されるオンデマンド資料を視聴し、合わせて課題研究を提出してもらいます。,心身の健康のための実践的な食事や運動について科学的根拠を基に最新の方法を解説する。担当教員のスポーツ現場での医療従事者（管理栄養士）としての実務経験やスポーツフード開発に関わった経験を基に、身体の健康について解説する。,①加齢に伴い生活習慣病の発症率も高まってくるが、健康保持、増進のためにはどうあるべきかを理解（A-1-1～2）することができる。,講義,①Canvas LMS上で提示するプリント・ビデオ・標本を用いて自分の身体構造、機能を知ってもらい、運動不足・オーバーカロリーによる問題点など、食と健康についての科学的根拠や最新の情報を解説する。,授業開始前にCHIPSによる抽選を行う科目です。,なし,必要に応じて資料を配布する。,レポート:授業期間に課題として数回と学期末に出題します。(30%)、授業内テスト:授業期間に復習チェックテストを出題します。(50%)、授業参画度:オンデマンド資料の視聴や復習チェックテストで評価します。(20%),Canvas LMS上で対応する。,"ガイダンス（授業のテーマや到達目標及び授業の方法について説明する）（A-1）,食生活と健康の基本（A-1, A-2, A-3）,食べ物の消化吸収 三大栄養素（A-1，A-3，A-4）,食べ物の消化吸収 ビタミン・ミネラル（A-1，A-3，A-4）,消化管の役割 大腸のはたらき（A-1，A-3，A-4）,大腸の健康① 大腸がんについて（A-1，A-3，A-4）,大腸の健康② プレバイオ・プロバイオティクスとは（A-1，A-3，A-4）,運動と消化管機能（A-1，A-3，A-4）,運動と大腸がん（A-1，A-3，A-4）,認知症予防の食生活（A-1，A-3，A-4）,サプリメントと食生活（A-1，A-3，A-4）,メンタルヘルスと食事（A-1，A-3，A-4）,理解度の確認と解説（A-1，A-3，A-4）,これまでの講義内容・フィードバックを確認する。（A-1，A-3，A-4）,最新の健康のための食生活について調べ、計画を立てる。（A-1，A-3，A-4、A-5）"
身体の健康,身体の健康,松本恵,2,1～4,文理学部,総合教育科目,前期,選択,遠隔授業（オンデマンド型）,Canvas LMSに提示されるオンデマンド資料を視聴し、合わせて課題研究を提出してもらいます。,心身の健康のための実践的な食事や運動について科学的根拠を基に最新の方法を解説する。担当教員のスポーツ現場での医療従事者（管理栄養士）としての実務経験やスポーツフード開発に関わった経験を基に、身体の健康について解説する。,①加齢に伴い生活習慣病の発症率も高まってくるが、健康保持、増進のためにはどうあるべきかを理解（A-1-1～2）することができる。,講義,①Canvas LMS上で提示するプリント・ビデオ・標本を用いて自分の身体構造、機能を知ってもらい、運動不足・オーバーカロリーによる問題点など、食と健康についての科学的根拠や最新の情報を解説する。,授業開始前にCHIPSによる抽選を行う科目です。,なし,必要に応じて資料を配布する。,レポート:授業期間に課題として数回と学期末に出題します。(30%)、授業内テスト:授業期間に復習チェックテストを出題します。(50%)、授業参画度:オンデマンド資料の視聴や復習チェックテストで評価します。(20%),Canvas LMS上で対応する。,"ガイダンス（授業のテーマや到達目標及び授業の方法について説明する）（A-1）,食生活と健康の基本（A-1, A-2, A-3）,食べ物の消化吸収 三大栄養素（A-1，A-3，A-4）,食べ物の消化吸収 ビタミン・ミネラル（A-1，A-3，A-4）,消化管の役割 大腸のはたらき（A-1，A-3，A-4）,大腸の健康① 大腸がんについて（A-1，A-3，A-4）,大腸の健康② プレバイオ・プロバイオティクスとは（A-1，A-3，A-4）,運動と消化管機能（A-1，A-3，A-4）,運動と大腸がん（A-1，A-3，A-4）,認知症予防の食生活（A-1，A-3，A-4）,サプリメントと食生活（A-1，A-3，A-4）,メンタルヘルスと食事（A-1，A-3，A-4）,理解度の確認と解説（A-1，A-3，A-4）,これまでの講義内容・フィードバックを確認する。（A-1，A-3，A-4）,最新の健康のための食生活について調べ、計画を立てる。（A-1，A-3，A-4、A-5）"
地球環境の変動と生命史,地球環境の変動と生命史,小森次郎,2,1～4,文理学部,総合教育科目,前期,選択,対面授業（一部遠隔授業）,,変化を続ける地球の環境を，46億年の地球環境変遷，人類史，現在と未来，といった多様な視点で学ぶ．授業では，学習者自身の手足を使い，周囲との議論や発表を含めて理解を深める．,過去に絶滅した生命と同じような一つの「生命史」としてヒトという種を完結させないためにも，人類の営みを持続可能なものにすることが重要であることを理解できるようになる．また，現在の地球が，地球史という時間，宇宙という空間の中のごくわずかな一片であり，気圏・水圏・雪氷圏・地圏と生命は相互に影響しあいながら変化を続けてきたことを理解し他者へ自身の言葉で説明ができるようになる．,講義,対面式の授業を行う中で，スライドと配布資料，動画をつかった学習以外に，自らの手足をつかった地球史年表の作成や，教室内での簡易な実験，グループでのディスカッションを行う．さらに，各自の授業外学習によって準備された資料をつかったプレゼンテーションの機会を設ける．,授業開始前にCHIPSによる抽選を行う科目です。,指定の教科書は無い．,使用しない,授業内テスト:授業内テスト（筆記式）を全15回の授業のうち2回実施(40%)、授業参画度:授業開始時のアンケート、および終了時の理解度チェックを兼ねたリアクションペーパーの提出を求めます（Web経由の提出）(40%)、授業内の作業や自由質疑への姿勢(20%),水曜日2限,"・ガイダンス．授業の進め方の解説（A-3-1）（A-4-1）（A-5-1）,前半：世界の氷河の分布．大陸氷床の変化．（A-3-1）（A-4-1）（A-5-1）,山岳氷河における環境変化と災害の事例（A-3-1）（A-4-1）（A-5-1）,地球史年表の作成（A-3-1）（A-4-1）（A-5-1）,生命の進化と化石・鉱物資源（A-3-1）（A-4-1）（A-5-1）,固体地球の海陸の配置の変遷，大量絶滅，大型生物や恐竜の出現から絶滅の時代まで（A-3-1）（A-4-1）（A-5-1）,身近な堆積物から考える人新世．（A-3-1）（A-4-1）（A-5-1）,近年の気候変動・大気組成変動（A-3-1）（A-4-1）（A-5-1）,孤島の文明崩壊危機の事例（A-3-1）（A-4-1）（A-5-1）,銀河系、太陽系の中の地球の位置（A-3-1）（A-4-1）（A-5-1）,地球温暖化の認知の歴史（A-3-1）（A-4-1）（A-5-1）,廃棄物処理に関わるタイムスケール -身近な地層から考える- （A-3-1）（A-4-1）（A-5-1）,資源・エネルギーの利用の光と影 人類の選択１（A-3-1）（A-4-1）（A-5-1）,資源・エネルギーの利用の光と影 人類の選択２,資源・エネルギーの利用の光と影 人類の選択３（A-3-1）（A-4-1）（A-5-1）"
気象と環境変化,,森島済,2,1～4,文理学部,総合教育科目,後期,選択,対面授業,,地球温暖化に伴って生じているとされる気候変動は，日常的には日々の気象現象が積算された形で現れている．近年においては，大雨や豪雪，強風といった極端な気象現象が，日常的とも言えるほど頻繁に生じており，我々の日々の生活や社会に大きな影響を与えている．一方で，気象現象は天気予報が行われているとおり，数日程度であれば比較的確度の高い予測を行うことが可能であり，気象現象に対する十分な理解があればこれによるリスクを回避することも可能となってくる．本講義では，様々な時空間スケールで生じている気象現象とその仕組みを概説すると共に，極端な気象現象やその頻度の変化による環境への影響を紹介する．,(1)様々な気象現象とそれらが発生する地域や季節，頻度などの特徴を，日本及び取り上げた海外の具体例と共に説明できる．,講義,パワーポイントを利用した講義を行い，授業の数回に１度，小テスト(確認問題）を実施する。リアクションペーパーなどの提出を適宜求め，フィードバックを行う．,副専攻科目となっているため，文系・社系学科が優先的に履修できます。,使用しない,小倉義光 『一般気象学』 東京大学出版会 2016年 第2版補訂版,授業内テスト(40%)、授業参画度:リアクションペーパー及び確認問題の回答状況(60%),木曜日 8号館5階A-504研究室 要メールでの事前確認,"ガイダンス 気象と気象要素,日本の季節と気圧配置,地上天気図と高層天気図の読み方,大気の熱力学,雲と降水過程,大気における放射,大気の運動,温帯低気圧と前線,熱帯低気圧,異常気象とテレコネクション,豪雨をもたらす線状降水帯,豪雪とJPCZ,積乱雲と極端な大気現象,地球温暖化時代の異常気象,授業内試験 解説とまとめ"
日本の自然と災害,日本の自然と災害,戸田真夏,2,1～4,文理学部,総合教育科目,後期,選択,対面授業（一部遠隔授業）,基本的に対面の授業,湿潤変動帯に位置する我が国で発生する自然災害の中から、震災、土砂災害、火山災害を取り上げ、発生のメカニズムや被災状況を実例を示しながら解説します。防災コンサルタントとしての実務経験から得られた知識と現地調査した際に撮影した写真を多く紹介します。,四季の変化が明瞭で地形の複雑なわが国では、人々の生活が自然環境に大きく影響されています。湿潤な気候条件で変動帯に位置するという地形条件は、人々に恩恵をもたらすとともに時として災害を引き起こします。プラスの面とマイナスの面とを同時にもった自然環境に対して、どのように付き合ってきたのかを理解し、今後どのように付き合う方が良さそうなのか議論できます。,講義,資料を配布し、それに沿って講義を進めます。写真や図を多く見てもらい、視覚によって理解度を高めてもらおうと考えています。,人数が多い場合は抽選で履修者を決めます。その場合、上級生を優先します。,教科書を使用せず、資料を配布します。資料はCanvas LMSにアップするので、各自、授業前に用意して下さい。,授業内で必要に応じて紹介します。,レポート:12月下旬から1月中旬に課すレポート(40%)、授業内テスト:第15回の授業時に行う「授業内テスト」(60%),授業開始前に教室で質問等を受け付けます。あるいはメールで受け付けます。,"ガイダンス、変動帯について,活断層と地震,地震と地盤の関係,地震の予知,津波の被害,落石と崩壊による土砂災害,地すべりによる土砂災害,土石流による土砂災害,巨大崩壊による土砂災害,土砂災害対策,火山災害の基礎,日本の火山の地形や噴火史,日本の火山と海外の火山との比較,三宅島噴火の影響,総括 授業内テストで理解度を判定するとともに、これまでの復習・解説を行う"
ゲノム改変と私たちの生活,ゲノム改変と私たちの生活,河本夏雄,2,1～4,文理学部,総合教育科目,後期,選択,対面授業,,生命の設計図であるゲノムの解析が様々な生物で急速に進み、遺伝子組換え技術が実用化されて、農業や医療の分野で利用されている。最近では、ゲノムを狙い通りに改変するゲノム編集技術の開発が急速に進んでいる。本講義では、ゲノムや遺伝子とは何か、どのような方法でゲノムを改変するのか、ゲノム改変技術がどのように実用化されているのか等を学ぶ。また、ゲノム改変技術の規制の国際調和に関する国際機関での実務経験をもとに、その安全性や規制の考え方、社会的受容、将来展望について解説する。,＜授業のねらい＞,講義,・ 液晶プロジェクターを用いた対面授業形式で行う。Canvas LMSを通じて、事前に資料を配布する。,CHIPSによる抽選を行う。,使用しない,使用しない,試験(70%)、レポート:グループディスカッションでのレポート(30%),オフィスアワーは設けないが、随時メールなどで質問を受け付ける。,"『ガイダンス及び生物学上の研究の歴史』,『遺伝資源～その保存・活用と生物多様性保全の取組み』,『育種～歴史と作物改良の必要性～』,『育種～作物改良の方法：交雑育種と突然変異育種』,『動物と昆虫の育種～動物と人間の関り、家畜化から品種改良まで』,『育種～作物改良の方法：細胞融合、遺伝子組換え技術とゲノム編集技術』,『植物の遺伝子組換え技術と開発の必要性と開発された作物の特徴～除草剤耐性作物と害虫抵抗性作物』,『植物の遺伝子組換え技術と開発の必要性と開発された作物の特徴～病害抵抗性作物と機能性作物』,『植物のゲノム編集技術と研究開発されている作物』,『動物と昆虫の遺伝子組換えとゲノム編集～技術の基礎と応用事例』,『遺伝子組換えとゲノム編集の規制の国際的取り組み～条約や国際機関における取組み』,『遺伝子組換えとゲノム編集の規制の国内規制と表示』,『グループディスカッション：ゲノム改変技術の社会受容のための方策』,『農業分野以外におけるバイオテクノロジー』,『まとめと期末試験（配布資料閲覧可能）』"
環境と生命のつながり,環境と生命のつながり,新津修平,2,1～4,文理学部,総合教育科目,前期,選択,対面授業,対面授業を行う。,前半では、多様な生物が生息する地球環境がどのように形成されてきたのかを概説する。後半では、人間の活動によって自然環境がどのように変化しているのかを説明し、環境問題の現状を把握することをめざす。そして、自然環境の保全に向けたさまざまな取り組みを学習し、地球環境の健全性を維持するために私たちに何ができるのか、生態系と人間社会の関わりについて解説する。,＜知識＞,講義,・Canvas LMSから講義資料をダウンロードし，各自でプリントしたものを講義時に参照する．,,教科書は必要としない．Canvas LMSを通じて講義資料を配布する．,授業時に随時紹介する．,試験(60%)、授業内テスト:小テスト（40%）、期末テスト（60%）(40%),Canvas LMSのメール機能を通じて随時受け付ける。,"「イントロダクション」生物とは何か－生物の共通性－【対面授業】,生物と地球環境【対面授業】,生態系の機能と物質循環 【対面授業】,地球環境の成立と生命の誕生【対面授業】,生物の多様性とその体系【対面授業】,人間活動と生態系【対面授業】,公害と環境汚染【対面授業】,地球温暖化がもたらす影響【対面授業】,酸性化する大気と海洋【対面授業】,オゾン層破壊【対面授業】,地球のエネルギー資源【対面授業】,水と人間活動【対面授業】,生態系の危機と生物多様性の保全【対面授業】,ごみ問題と循環型社会の構築【対面授業】,[期末試験とその解説]"
身のまわりの生命現象,身のまわりの生命現象,神村圭亮,2,1～4,文理学部,総合教育科目,後期,選択,対面授業,,私たちの身体や暮らしに関わる様々な生命現象のメカニズムについて講義する。生命現象において遺伝子や分子が果たす役割を理解する。,<知識>,講義,・授業前に Canvas LMS を通して、教材 (PDF) を配信する。受講生はその教材を用いて予習する。,,Canvas LMS を通してスライド資料を配布します。,なし,授業内テスト:学期末に授業内テストを行う。これにより、「論理的・批判的思考力 (A-3-1)」、「問題発見・解決力 (A-4-1)」及び「挑戦力 (A-5-1)」を評価する。(30%)、授業参画度:毎回配布する小課題の提出状況を評価する。(70%),講義終了後及び Canvas LMS による質問を受付ける。,"ガイダンス、「生物基礎のまとめ」,「血液型」,「腸内細菌」,「神経細胞とシナプス」,「記憶」,「食欲」,「睡眠」,「薬物依存」,「がんの発症」,「がんの治療」,「iPS細胞」,「ウイルス感染」,「花粉症と食物アレルギー」,「授業内容全体に関するディスカッション」,「理解度の確認と解説」"
データと対話するための統計学,データと対話するための統計学,菅野剛,2,1～4,文理学部,総合教育科目,後期,選択必修,対面授業,PC教室で実施予定（ Google Classroom のクラスへの参加方法は Canvas LMS に掲載）。,現代社会では、あらゆる分野で統計学が重要になってきています。統計学的な考え方を学びます。多くの時間をかけて地道に学び、理解を積み重ねていきます。,＜授業のねらい＞,講義、演習、実習,毎回の理解の積み重ねが大切です。教科書を早めに購入をして下さい。後半で難しくなります。,CHIPS による抽選を行う,三中信宏 『みなか先生といっしょに 統計学の王国を歩いてみよう』 羊土社 2015年,AP®︎ Statistics | Math | Khan Academy,授業内テスト(85%)、課題(15%),授業時間帯の前後を中心に対応。,"統計学を学ぶ意義、1. データ解析の第一歩 / Exploring categorical data. (A-3-1),2. データの位置とばらつきの可視化 / 2. Displaying and describing.（A-3-1）（A-4-1）（A-5-1）,3. データとの「対話」と「モデル」 / 3. Summary statistics.（A-3-1）（A-4-1）（A-5-1）,4. 統計モデリング / 4. Percentiles, z-scores, and the normal distribution.（A-3-1）（A-4-1）（A-5-1）,5. ばらつきの数値化 / 5. two-variable quantitative data. （A-3-1）（A-4-1）（A-5-1）,6. 自由度 / 6. Collecting data. （A-3-1）（A-4-1）（A-5-1）,7. 確率変数と確率分布 / 7. Probability. （A-3-1）（A-4-1）（A-5-1）,8. 正規分布 / 8. Random variables and probability distributions.（A-3-1）（A-4-1）（A-5-1）,9. パラメトリック統計学 / 9. Sampling distributions.（A-3-1）（A-4-1）（A-5-1）,10. 確率分布 / 10. Inference for categorical data.（A-3-1）（A-4-1）（A-5-1）,11. 実験計画 / 11. Inference for quantitative data.（A-3-1）（A-4-1）（A-5-1）,12. 完全無作為化法の分散分析(1) / 12. Chi-square Test. （A-3-1）（A-4-1）（A-5-1）,12. 完全無作為化法の分散分析(2) / 13. Regression.（A-3-1）（A-4-1）（A-5-1）,13. 乱塊法による分散分析 / 14. Prepare for the Exam （A-3-1）（A-4-1）（A-5-1）,授業内テスト （A-3-1）（A-4-1）（A-5-1）"
「障害」の科学,,田中謙,2,1～4,文理学部,総合教育科目,後期,選択,対面授業（一部遠隔授業）,【対面授業（一部変更の可能性あり）】,本科目は「障害」および「障害」のある人々にかかわる社会問題について、人文・社会・自然科学から多角的に学修することを通して、「障害」とは何なのかを考え、学修者一人ひとりの「障害」観を問うために求められる基礎的知識の習得と、思考フレームワーク体験を目的とする。,本科目は以下３点を目的（授業のねらい・到達目標）に設定する。,講義、オムニバス,授業の形式：【講義】,,教科書は特に指定しない。授業資料は各回指示があるため、それに従うこと。,使用しない,レポート:期末レポート(90%)、授業参画度:学習状況の振り返りに関わる自己評価(10%),授業全体に関しては、オリエンテーション資料および第１回授業資料を通してEメールアドレスを伝えるため、必要に応じてメールで受け付ける。なお、必ず授業内で提示するメールアドレスを使用して連絡すること。各回の内容等に関しては、各回担当の先生に連絡をとること。,"オリエンテーション：科目説明、授業の進め方、「障害」とは何かの概略について概説を行う（A-7-3）。,障害の理解を促進する情報デザインを考える：健常者と障害者は多くの場合に区別される。一方で、近年にはその垣根を超えるための様々なインクルーシブデザインが存在する。本授業では健常者が障害者を理解する取り組みとして存在するデザインを紹介し、議論する。,障害・障害者の概念・定義について考えるー障害とはなにか、障害者とはだれかー：障害・障害者の概念・定義はとても難しく、実にバラバラで統一がなく、混沌としています。なかでも知的障害・発達障害はその極みです。そうした問題状況について検討していきます。,環境汚染と「障害」：有害化学物質による環境汚染と健康の問題について学ぶ,「障害」と情報技術：情報技術は，障害者が社会と繋がり，日常生活を自立して送るために，重要な役割と大きな可能性を持っている。この回では，各種の障害者のための情報技術について，理論と実例に基づいて理解を深めることを目指す。,人間と「障害」:現象学的・人間学的立場から「障害」を理解するということについて学びます。特に、発達障害を持つ人たちの生きる世界についての現象学的精神病理学の知見を紹介し、他者理解についてあらためて考える機会とします。,「障害」とヒューマニズムの問題点：本授業では、障害者差別を生み出すヒューマニズムの問題点を様々な文学作品を例に挙げながら紹介し、人間中心主義・健常者中心主義を乗り越える考え方を検討します。,「障害」と人権侵害：新型コロナウイルス感染症と日本のハンセン病問題から、病気の当事者やその家族に対する差別や偏見の根底にあるものについて考える,ジェンダーと障害：ジェンダー・スタディーズ、フェミニズム、女性学・男性学と呼ばれる学問領域について学びます。高等教育における事例を取り上げ、現状や当事者の抱える困難について議論します。,無気力（アパシー・抑うつ）：無気力（アパシー・抑うつ）に関する心理学的な知識に触れることを通じて，自己理解や他者理解を深めるとともに，大学生活をいきいきと過ごすための方法についても考えていきたいと思います。,海外における「障害」と福祉：1970年代の米国カリフォルニア州立大学バークレー校における障害者自立生活運動から学ぶ,GSC（グリーンサスティナブルケミストリー）と障害：科学が障害を乗り越えて、どのように人類の発展に貢献してきたのか、具体例を振り返りながらGSC（グリーンサスティナブルケミストリー）の考え方を学習する。,発達障害と脳科学：発達障害は、従来の障害の概念とは違い、正常との境目があやふやなスペクトラムという概念を導入するに及んだ。この講義では、脳科学の知見を取り入れ、脳の認知機能を説明し、なぜスペクトラムという概念が入っていたか、その過程をお話ししたい。,“美術館難民”問題について考える：トイレ×ベビーカー動線に着目して「障害」について考えます。,授業総括：本講義を通して、「障害」とは何か自らの意見をまとめ、授業総括を行う（A-6-3）。"
人類の進化,人類の進化,デイビッドスプレイグ,2,1～4,文理学部,総合教育科目,前期,選択,対面授業（一部遠隔授業）,対面授業（状況によって遠隔授業の可能性あり）,ヒトの進化と生物学的多様性を研究する学術分野である自然人類学を中心に、人類の起源と生態及び生活の生物学的な背景を探求する。人類を対象とする自然科学的な研究の歴史や理論を踏まえつつ、他の霊長類種との比較、化石調査の方法と発掘資料の解釈、そして現代の人々の形質的・遺伝的変異を数量的に評価する手法について基礎的な知識を身につける。,生物としての人間の特徴を理解するとともに、それに対する社会の受け止め方について考えることを目標とする。人類の進化に関する書籍が多く出版され、マスコミ報道やネット情報に多く接する機会が増える中、それらを理解して解釈するための基礎的知識を身につける。,講義,・教科書から様々な研究者の視点に接する。追加資料や用語リストをCanvas LMSで配布する。,授業開始前にCHIPSによる抽選を行う科目です。,井原泰雄、梅﨑昌裕、米田穣 『人間の本質にせまる科学：自然人類学の挑戦』 東京大学出版会 2021年,斎藤成也、海部陽介、米田穣、隅山健太 『人類の進化：猿人から原人、旧人、現生人類へ （ブルーバックス）』 講談社 2021年,試験(100%),授業内容に関する質問は教室にて対応する。授業の手続きなどについてはメールで連絡すること（学籍番号と氏名を含めること）。,"授業紹介：人類進化という大テーマ （A-3-1、A-4-1、A-5-1）,自然科学の思想と方法論 （A-3-1、A-4-1、A-5-1）,進化思想と生物の進化 （A-3-1、A-4-1、A-5-1）,霊長類の進化（A-3-1、A-4-1、A-5-1）,霊長類の生態と社会（A-3-1、A-4-1、A-5-1）,霊長類のなかのヒト （A-3-1、A-4-1、A-5-1）,人類起源論と化石発掘調査 （A-3-1、A-4-1、A-5-1）,人類の系統発生 （A-3-1、A-4-1、A-5-1）,アウストラロピテクスに続くホモ・ハビリス以降 （A-3-1、A-4-1、A-5-1）,ホモ・サピエンスの生態と生業 （A-3-1、A-4-1、A-5-1）,数値データと生物学的変異の特徴 （A-3-1、A-4-1、A-5-1）,人類の多様性を測る：形質・生理 （A-3-1、A-4-1、A-5-1）,人類の多様性を測る：遺伝子 （A-3-1、A-4-1、A-5-1）,社会のなかのヒトの生物学的多様性 （A-3-1、A-4-1、A-5-1）,授業総括：生物としてのヒトの未来 （A-3-1、A-4-1、A-5-1）"
人類の進化,人類の進化,デイビッドスプレイグ,2,1～4,文理学部,総合教育科目,前期,選択,対面授業（一部遠隔授業）,対面授業（状況によって遠隔授業の可能性あり）,ヒトの進化と生物学的多様性を研究する学術分野である自然人類学を中心に、人類の起源と生態及び生活の生物学的な背景を探求する。人類を対象とする自然科学的な研究の歴史や理論を踏まえつつ、他の霊長類種との比較、化石調査の方法と発掘資料の解釈、そして現代の人々の形質的・遺伝的変異を数量的に評価する手法について基礎的な知識を身につける。,生物としての人間の特徴を理解するとともに、それに対する社会の受け止め方について考えることを目標とする。人類の進化に関する書籍が多く出版され、マスコミ報道やネット情報に多く接する機会が増える中、それらを理解して解釈するための基礎的知識を身につける。,講義,・教科書から様々な研究者の視点に接する。追加資料や用語リストをCanvas LMSで配布する。,授業開始前にCHIPSによる抽選を行う科目です。,井原泰雄、梅﨑昌裕、米田穣 『人間の本質にせまる科学：自然人類学の挑戦』 東京大学出版会 2021年,斎藤成也、海部陽介、米田穣、隅山健太 『人類の進化：猿人から原人、旧人、現生人類へ （ブルーバックス）』 講談社 2021年,試験(100%),授業内容に関する質問は教室にて対応する。授業の手続きなどについてはメールで連絡すること（学籍番号と氏名を含めること）。,"授業紹介：人類進化という大テーマ （A-3-1、A-4-1、A-5-1）,自然科学の思想と方法論 （A-3-1、A-4-1、A-5-1）,進化思想と生物の進化 （A-3-1、A-4-1、A-5-1）,霊長類の進化 （A-3-1、A-4-1、A-5-1）,霊長類の生態と社会 （A-3-1、A-4-1、A-5-1）,霊長類のなかのヒト （A-3-1、A-4-1、A-5-1）,人類起源論と化石発掘調査 （A-3-1、A-4-1、A-5-1）,人類の系統発生 （A-3-1、A-4-1、A-5-1）,アウストラロピテクスに続くホモ・ハビリス以降 （A-3-1、A-4-1、A-5-1）,ホモ・サピエンスの生態と生業 （A-3-1、A-4-1、A-5-1）,数値データと生物学的変異の特徴 （A-3-1、A-4-1、A-5-1）,人類の多様性を測る：形質・生理 （A-3-1、A-4-1、A-5-1）,人類の多様性を測る：遺伝子 （A-3-1、A-4-1、A-5-1）,社会のなかのヒトの生物学的多様性 （A-3-1、A-4-1、A-5-1）,授業総括：生物としてのヒトの未来 （A-3-1、A-4-1、A-5-1）"
科学史,科学史,武正泰史,2,1～4,文理学部,総合教育科目,後期,選択,対面授業,,古代から近現代までの科学の歴史を講義する。主として西欧を取り扱うが、中国や日本など東アジアについても取り扱う。,（1）現代社会の根幹をなす西欧由来の科学技術の来歴と社会との関わりについて、歴史的な流れを自分の言葉で説明することができる。,講義,配布資料をもとに講義を行う。適宜、スライドやビデオによって捕捉説明を行う。ノートや印刷した配布資料にメモをとることを推奨する。,CHIPSによる抽選を行う。,使用しない,橋本毅彦 『〈科学の発想〉のたずねて－自然哲学から現代科学まで』 左右社 2010年,レポート:中間レポート、求めるテーマについての内容、形式、提出状況によって評価(30%)、授業内テスト:毎回の授業後に提出してもらう小テストと授業内期末試験(50%)、授業参画度:リアクションペーパー、LMS提出(20%),授業後の時間、もしくはメールアドレス（初回の授業で提示）で受け付けます。,"ガイダンス、具体的な授業内容：「科学史」を学ぶことについて,古代ギリシアの科学について,古代ギリシアの数学について,イスラーム文化における科学について,12世紀ルネサンスと中世の科学について,コペルニクス革命について,ガリレオとデカルトについて,ニュートンと万有引力の法則について,フランスにおける化学の歴史について,科学の専門分化と職業化について,戦争と科学の歴史について,中国における数理科学の歴史について,近世日本における数学について,近世日本における蘭学について,授業内試験と学習内容の整理"
情報科学,情報科学,渡辺勇士,2,1～4,文理学部,総合教育科目,後期,選択,対面授業（一部遠隔授業）,対面授業（オンデマンド型動画配信を3回含む）,「情報科学」には様々な定義があります。本講義では「情報科学」の中でも英語の”Computer Science” と共通する領域の基本概念を、Pythonなどのプログラミングを学びながら、習得します。,・ ” Computer Science” の基礎概念がどのようなものか認識できます。,講義、演習、実習,・ プログラミング実習中心の科目です。,・ このシラバスでは、受講者はプログラミング経験が無い人文系・社会系学生を想定しています。,なし,ブライアン・カーニハン（著） 『教養としてのコンピューターサイエンス講義』 日経BP 2020年,レポート:第11回のプログラム課題と最終プログラム課題(30%)、授業参画度:授業ごとの予習レポート・小課題（事後課題）(40%)、各授業の振り返り(30%),随時受け付ける。原則、事前にメールで予約すること。,"ガイダンス,日本のプログラミング教育について,Viscuit を用いたプログラミングを体験します,Viscuit を用いて ""Computer Science"" の基本概念に触れます,Scratch を用いたプログラミングを体験します,Pythonの基礎を学びます,アルゴリズムについて学びます,Pythonを用いた「反復処理」について学びます,Pythonを用いた「条件分岐」について学びます,Pythonを用いた「関数」を学びます,学んだPythonのプログラムを応用をします,Pythonを用いた「情報システム」を学びます（1回目）,Pythonを用いた「情報システム」を学びます（2回目）,「生成AI」について学びます,リフレクション"
,,渡辺勇士,2,1～4,文理学部,総合教育科目,前期,選択,対面授業（一部遠隔授業）,対面授業（オンデマンド型動画配信を3回含む）,「情報科学」には様々な定義があります。本講義では「情報科学」の中でも英語の”Computer Science” と共通する領域の基本概念を、Pythonなどのプログラミングを学びながら、習得します。,・ ” Computer Science” の基礎概念がどのようなものか認識できます。,講義、演習、実習,・ プログラミング実習中心の科目です。,・ このシラバスでは、受講者はプログラミング経験が無い人文系・社会系学生を想定しています。,なし,ブライアン・カーニハン（著） 『教養としてのコンピューターサイエンス講義』 日経BP 2020年,レポート:第11回のプログラム課題と最終プログラム課題(30%)、授業参画度:授業ごとの予習レポート・小課題（事後課題）(40%)、各授業の振り返り(30%),随時受け付ける。原則、事前にメールで予約すること。,"ガイダンス,日本のプログラミング教育について,Viscuit を用いたプログラミングを体験します,Viscuit を用いて ""Computer Science"" の基本概念に触れます,Scratch を用いたプログラミングを体験します,Pythonの基礎を学びます,アルゴリズムについて学びます,Pythonを用いた「反復処理」について学びます,Pythonを用いた「条件分岐」について学びます,Pythonを用いた「関数」を学びます,学んだPythonのプログラムを応用をします,Pythonを用いた「情報システム」を学びます（1回目）,Pythonを用いた「情報システム」を学びます（2回目）,「生成AI」について学びます,リフレクション"
統計学,統計学,立井博子,2,1～4,文理学部,総合教育科目,前期,選択,対面授業,,実際のデータを処理し、情報を読み取る。,＜授業のねらい・到達目標＞,講義,実際のデータを使って、毎回の講義内容について演習を行うことにより理解を深める。,数学科の学生の受講を認めません。,教科書は使用せず,なし,レポート:議論の正確さと学修内容の理解度を評価する(30%)、授業内テスト:習熟度チェックの成績を評価する(70%),"授業前後の時間でまかなえない分については, 希望者との都合を合わせた上でZoomなどにて対応する。","ガイダンス（授業のテーマや到達目標及び授業の方法について説明する）(A-5),資料の整理（図による要約）(A-3,A-4),資料の整理（代表値とその意味）(A-3,A-4),資料の整理（散布度とその意味）(A-3,A-4),偏差値とレーダーチャート(A-3,A-4),2種類のデータの関連性（質的データ×質的データ①クロス集計表）(A-3,A-4),2種類のデータの関連性（質的データ×質的データ②クラメールの関連係数とその意味）,2種類のデータの関連性（質的データ×量的データ①平均、分散）(A-3,A-4),2種類のデータの関連性（質的データ×量的データ②相関比とその意味）(A-3,A-4),2種類のデータの関連性（量的データ×量的データ①散布図、共分散）(A-3,A-4),2種類のデータの関連性（量的データ×量的データ②相関係数とその意味）(A-3,A-4),2種類のデータの関連性（量的データ×量的データ③回帰直線）(A-3,A-4),2種類のデータの関連性（量的データ×量的データ④決定係数とその意味）(A-3,A-4),習熟度のチェックと解説 (A-3,A-4,A-5),まとめ（これまでの講義内容の復習・解説を行い，授業の理解を深める）(A-8)"
宇宙科学,宇宙科学,新田伸也,2,1～4,文理学部,総合教育科目,前期,選択,対面授業,,身近な現象から天体現象の理解までが、物理学と言う共通の論理体系でなされる事を実感する。天体物理／地球物理現象を教材にして、基礎的な物理学、数学と自分たちの頭を使って、自然現象を理解する事の楽しさを実感する。結果を記憶するのではなく、プロセスを重視して学習し、自力で思考し理解するための契機とする。,ねらい,講義、演習,・主教材は書画カメラにてスクリーンに提示、補助教材を板書する,数学、物理学を用いた論理展開を嫌がらない事。高校数学（数学IIIの解析学[微積分]、数学C（旧課程の数学B）の線形代数学[ベクトル]）を多用するので、各自十分に補強しておくこと。,使用しない,使用しない,試験(100%),講義当日5限終了直後の10分程度,"イントロダクション（A-3-1）（A-4-1）（A-5-1）,シミュレーションの原理1 （A-3-1）（A-4-1）（A-5-1）,シミュレーションの原理2 （A-3-1）（A-4-1）（A-5-1）,シミュレーションの原理3 （A-3-1）（A-4-1）（A-5-1）,シミュレーションの原理４ （A-3-1）（A-4-1）（A-5-1）,粘性流体1 （A-3-1）（A-4-1）（A-5-1）,粘性流体2 （A-3-1）（A-4-1）（A-5-1）,粘性流体3 （A-3-1）（A-4-1）（A-5-1）,粘性流体4 （A-3-1）（A-4-1）（A-5-1）,粘性流体5 （A-3-1）（A-4-1）（A-5-1）,ブラックホールエンジン1 （A-3-1）（A-4-1）（A-5-1）,ブラックホールエンジン2 （A-3-1）（A-4-1）（A-5-1）,ブラックホールエンジン3 （A-3-1）（A-4-1）（A-5-1）,我々が生きて行くための学問1 （A-3-1）（A-4-1）（A-5-1）,我々が生きて行くための学問2 （A-3-1）（A-4-1）（A-5-1）"
地球科学,地球科学,戸邉勇人,2,1～4,文理学部,総合教育科目,後期,選択,対面授業,対⾯授業を主とするが講義に出席できない場合には復習用資料を用いた自主学習も認める。ただし動画など、一部に対面授業でのみ視聴可能な教材もある,地球科学の諸分野のうち、日常生活と深くかかわりのある土木地質学と災害地質学を中心に講義する。,私たちは、⽣活のいろいろな場⾯で地形・地質に関係する種々の問題に直接・間接的に影響を受けることがある。,講義,CanvasLMSを通して、下記の日取りで３種類の資料（原則PDF資料）を配布する。,授業開始前にCHIPSによる抽選を⾏う科目です。,教科書はなく、教材(PDF化したPowerPoint資料など）を配信するので、これを参照すること。,参考書はなし,試験(100%),遠隔授業の場合は、CanvasLMSコースを通して対応する。,"概要説明と授業の進め⽅（A-2-1)（A-3-1）（A-4-1）,⾝の回りの地質に関わる事象（A-2-1)（A-3-1）（A-4-1）,我が国の地形の成り⽴ち（A-2-1)（A-3-1）（A-4-1）,我が国の地質の成り⽴ち（A-2-1)（A-3-1）（A-4-1）,我が国の地形・地質とインフラストラクチャーについて（A-2-1)（A-3-1）（A-4-1）,斜⾯災害の歴史〜海外の事例〜（A-2-1)（A-3-1）（A-4-1）,斜⾯災害の歴史〜国内の事例・地震によるもの〜（A-2-1)（A-3-1）（A-4-1）,斜⾯災害の歴史〜国内の事例・降雨によるもの〜（A-2-1)（A-3-1）（A-4-1）,地震による災害「液状化」（A-2-1)（A-3-1）（A-4-1）,⽕⼭による災害（A-2-1)（A-3-1）（A-4-1）,⾃然災害におけるハザードマップの役割と地質リスクの評価（A-2-1)（A-3-1）（A-4-1）,公刊資料の存在意義と活⽤について，その目的を理解する（A-2-1)（A-3-1）（A-4-1）,わが国・⾝近な⼟地における地形・地質の概況と災害について説明できるようになる（A-2-1)（A-3-1）（A-4-1）,試験(テスト）による到達度の確認【資料参照可】（A-2-1)（A-3-1）（A-4-1）,試験(テスト）の正解および解説をおこなう。これまでの復習・解説を⾏い授業の理解を深める（A-2-1)（A-3-1）（A-4-1）"
生命科学,生命科学,地引和也,2,1～4,文理学部,総合教育科目,後期,選択,対面授業,,本講義では、身の周りの生命科学に関する事象に対し、メカニズムを理解して適切に対処する力を養うため、生物の基本単位である細胞の構造と働きについて解説する。具体的には、細胞（生物）とはなにか、生体分子（タンパク質、核酸、脂質、多糖）とはどのような物質かを解説したうえで、生体分子がどのように細胞をつくり、細胞（生物）の諸活動に関わるのかを解説する。,［知識］,講義,教員が作成したスライド資料を用いて授業を行い、Canvas LMSを用いて小テストを実施する。,授業開始前にCHIPSによる抽選を行う科目です。,使用しない,中村桂子・松原謙一・榊佳之・水島昇 (監訳) 『Essential細胞生物学』 南江堂 2021年 第5版,授業内テスト:各回の小テストの得点率により評価する。(100%),Canvas LMSのメッセージにて受け付けます。,"生命科学とは、ガイダンス,細胞の概説,細胞内分子の概説,代謝の概説,タンパク質,DNA・染色体・ゲノム、DNA複製・DNA修復,セントラルドグマ,遺伝子の発現調節,生体膜,エネルギー生産,細胞内区画、細胞骨格,シグナル伝達,体細胞分裂の細胞周期,有性生殖と遺伝,組織"
生命科学,生命科学,地引和也,2,1～4,文理学部,総合教育科目,前期,選択,対面授業,,本講義では、身の周りの生命科学に関する事象に対し、メカニズムを理解して適切に対処する力を養うため、生物の基本単位である細胞の構造と働きについて解説する。具体的には、細胞（生物）とはなにか、生体分子（タンパク質、核酸、脂質、多糖）とはどのような物質かを解説したうえで、生体分子がどのように細胞をつくり、細胞（生物）の諸活動に関わるのかを解説する。,［知識］,講義,教員が作成したスライド資料を用いて授業を行い、Canvas LMSを用いて小テストを実施する。,授業開始前にCHIPSによる抽選を行う科目です。,使用しない,中村桂子・松原謙一・榊佳之・水島昇 (監訳) 『Essential細胞生物学』 南江堂 2021年 第5版,授業内テスト:各回の小テストの得点率により評価する。(100%),Canvas LMSのメッセージにて受け付けます。,"生命科学とは、ガイダンス,細胞の概説,細胞内分子の概説,代謝の概説,タンパク質,DNA・染色体・ゲノム、DNA複製・DNA修復,セントラルドグマ,遺伝子の発現調節,生体膜,エネルギー生産,細胞内区画、細胞骨格,シグナル伝達,体細胞分裂の細胞周期,有性生殖と遺伝,組織"
化学,化学,柳川昭久,2,1～4,文理学部,総合教育科目,前期,選択,対面授業,対面授業,身の回りの物質の特性とそれらの利用について説明する。物質の特性は構成元素の種類によって変わることについて講義する。また身近に見られる自然現象を理解するために必要な化学の原理、化学変化について講義する。,①身の回りの物質を例に、物質の特性は構成元素の種類によって変わることについて説明することができる。,講義,授業テーマに沿った授業資料および課題（もしくは小テスト）を授業内またははCanvas LMSを通して提示する。,授業開始前にCHIPSによる抽選を行う科目です。,なし。,小林憲司、三五弘之、中村朝夫、南澤宏明、山口達明 『化学の世界への招待』 三共出版 2009年,授業内テスト:授業内テストは小テスト、期末テスト等を合わせて評価する。(40%)、授業参画度:授業参画度は毎回の授業内課題等で評価する。(60%),Canvas LMSを通じて行う。,"授業の概要とねらい、到達目標、授業の進め方、評価方法について説明する。,元素の起源、元素の種類、周期表,原子の構造と電子配置−１ 様々な原子の構造,原子の構造と電子配置−２ 電子配置と量子数,イオン結合と共有結合,分子の形と極性,物質量と化学反応−１,物質量と化学反応−２,自然界で見られる酸化還元反応、生活に利用されている酸化還元反応(A-4-1)。,酸性溶液、塩基性溶液の特性とそれらの利用,物質の状態変化 物質の三態,液体の性質 希薄溶液の特性,気体の性質 気体の状態方程式,授業内試験とその解説（各項目の説明も含む）,学習内容の整理とまとめ（これまでの授業の復習と疑問点の解説）"
物理学,物理学,川上隆輝,2,1～4,文理学部,総合教育科目,後期,選択,対面授業,,物理は、自然界がどのような法則に従って動いているのかを探究する学問です。本授業では、物理を初めて学ぶ学生や高校物理を十分に履修していない学生にも配慮し、物理の基本的な考え方や法則をやさしく紹介します。,本授業では、自然現象を理解する上で必須となる「力と運動」や「電気と磁気」といった古典物理学の基本概念を身につけ、自然界がどのような法則に基づいて成り立っているのかを理解することを目指します。しかし、古典物理学だけでは、新聞やニュースで紹介される最新の技術革新や現代科学の成果を十分に理解できない場合があります。そこで本授業では、さらに「原子と光」に代表される量子力学の基礎も取り上げ、ミクロの世界がどのような物理法則に従っているのかを学びます。,講義,本授業では、高校物理に見られるような公式の暗記や計算問題の解法を中心とした学習ではなく、身近な自然現象や物体の運動を題材として取り上げ、それらをどの物理法則で説明できるのかを考える力を養います。物理法則の基本的な使い方や考え方を丁寧に解説しますが、細かな計算テクニックの習得を目的とはしません。,本科目は 抽選科目に指定されています。定員を超えた場合は、大学が定める方式に従い CHIPS による抽選を実施します。抽選申請期間や手続き方法の詳細は COMITS2 に掲載されていますので、必ず確認してください。,なし,参考書が必要な学生はメールで連絡をしてもらえれば対応する。,授業内テスト:第15回のときに対面で学期末テストを行う。(30%)、授業参画度:第1回から第14回は，対面での授業に参加し，確認テストの答案を採点して総合的に判断する。(70%),対面の場合は授業終了後，オンデマンドの場合はメールで質問を受ける。,"ガイダンス（授業テーマや到達目標および授業の進め方について説明する。残りの時間で，次週から授業で展開するミクロな物理の世界を垣間見てもらうが，日常生活とかけ離れ，普段の生活と考え方を切り替える必要がある場面が度々登場する。このようなミクロな世界の物理を学ぶことに興味を持ち，授業に出席する意義が見いだせるか判断する材料にしてもらう）(A-5-1),量子論を理解するために必要な二つの重要な事項「波と粒子の二重性」と「状態の重ね合わせ」について講義する(A-3-1, A-4-1, A-5-1),プランクの「量子仮説」について講義する(A-3-1, A-4-1, A-5-1),光の波と粒子の二重性について講義する(A-3-1, A-4-1, A-5-1),原子模型について講義する(A-3-1，A-4-1，A-5-1),「シュレディンガー方程式」について講義する(A-3-1，A-4-1，A-5-1),不確定性原理について学ぶ(A-5-1),量子コンピューターについて学ぶ(A-3-1，A-4-1，A-5-1),空が青い理由について学ぶ(A-3-1，A-4-1，A-5-1),飛行機が空を飛べる理由について学ぶ(A-3-1，A-4-1，A-5-1),身近な周りにある事柄を物理で説明できることを学ぶ(A-3-1，A-4-1，A-5-1),身のまわりの自然現象を物理を用いて学ぶ(A-3-1，A-4-1，A-5-1),放射線と物理：原子核について学び，放射線の種類を理解する(A-3-1，A-4-1，A-5-1),放射線と物理：放射線の人体への影響を学ぶ。(A-3-1，A-4-1，A-5-1),放射線と物理：身近にある放射線をどのように扱うかを学ぶ。最後に，これまで学んだ物理に関して学期末テストを行いフィードバックする(A-3-1，A-4-1，A-5-1)"
物理学,物理学,川上隆輝,2,1～4,文理学部,総合教育科目,前期,選択,対面授業,,物理は、自然界がどのような法則に従って動いているのかを探究する学問です。本授業では、物理を初めて学ぶ学生や高校物理を十分に履修していない学生にも配慮し、物理の基本的な考え方や法則をやさしく紹介します。,本授業では、自然現象を理解する上で必須となる「力と運動」や「電気と磁気」といった古典物理学の基本概念を身につけ、自然界がどのような法則に基づいて成り立っているのかを理解することを目指します。しかし、古典物理学だけでは、新聞やニュースで紹介される最新の技術革新や現代科学の成果を十分に理解できない場合があります。そこで本授業では、さらに「原子と光」に代表される量子力学の基礎も取り上げ、ミクロの世界がどのような物理法則に従っているのかを学びます。,講義,本授業では、高校物理に見られるような公式の暗記や計算問題の解法を中心とした学習ではなく、身近な自然現象や物体の運動を題材として取り上げ、それらをどの物理法則で説明できるのかを考える力を養います。物理法則の基本的な使い方や考え方を丁寧に解説しますが、細かな計算テクニックの習得を目的とはしません。,本科目は 抽選科目に指定されています。定員を超えた場合は、大学が定める方式に従い CHIPS による抽選を実施します。抽選申請期間や手続き方法の詳細は COMITS2 に掲載されていますので、必ず確認してください。,なし,参考書が必要な学生はメールで連絡をしてもらえれば対応する。,授業内テスト:第15回のときに対面で学期末テストを行う。(30%)、授業参画度:第1回から第14回は，対面での授業に参加し，確認テストの答案を採点して総合的に判断する。(70%),対面の場合は授業終了後，オンデマンドの場合はメールで質問を受ける。,"ガイダンス（授業テーマや到達目標および授業の進め方について説明する。残りの時間で，次週から授業で展開するミクロな物理の世界を垣間見てもらうが，日常生活とかけ離れ，普段の生活と考え方を切り替える必要がある場面が度々登場する。このようなミクロな世界の物理を学ぶことに興味を持ち，授業に出席する意義が見いだせるか判断する材料にしてもらう）(A-5-1),量子論を理解するために必要な二つの重要な事項「波と粒子の二重性」と「状態の重ね合わせ」について講義する(A-3-1, A-4-1, A-5-1),プランクの「量子仮説」について講義する(A-3-1, A-4-1, A-5-1),光の波と粒子の二重性について講義する(A-3-1, A-4-1, A-5-1),原子模型について講義する(A-3-1，A-4-1，A-5-1),「シュレディンガー方程式」について講義する(A-3-1，A-4-1，A-5-1),不確定性原理について学ぶ(A-5-1),量子コンピューターについて学ぶ(A-3-1，A-4-1，A-5-1),空が青い理由について学ぶ(A-3-1，A-4-1，A-5-1),飛行機が空を飛べる理由について学ぶ(A-3-1，A-4-1，A-5-1),身近な周りにある事柄を物理で説明できることを学ぶ(A-3-1，A-4-1，A-5-1),身のまわりの自然現象を物理を用いて学ぶ(A-3-1，A-4-1，A-5-1),放射線と物理：原子核について学び，放射線の種類を理解する(A-3-1，A-4-1，A-5-1),放射線と物理：放射線の人体への影響を学ぶ。(A-3-1，A-4-1，A-5-1),放射線と物理：身近にある放射線をどのように扱うかを学ぶ。最後に，これまで学んだ物理に関して学期末テストを行いフィードバックする(A-3-1，A-4-1，A-5-1)"
数学,数学,立井博子,2,1～4,文理学部,総合教育科目,後期,選択,対面授業,,"数の持つ簡単な性質について触れ, 日常に現れる数学への理解を深める.",＜授業のねらい・到達目標＞,講義,①対面授業にて授業の解説を行う．,,教科書は用いない．参考文献は必要に応じて紹介する．,なし,レポート:授業内で提出した課題の内容(30%)、授業内テスト:第１５回授業内テストの内容を評価する(70%),"授業前後の時間でまかなえない分については, 希望者との都合を合わせた上でZoomなどにて対応する.","授業概要の説明を行う．,除法の定理ついて学ぶ．(A-3,A-4),約数、公約数について学ぶ(A-3,A-4),初等整数論の基本定理について学ぶ．(A-3,A-4),Euclidの互除法について学ぶ(A-3,A-4),不定方程式について学ぶ．(A-3,A-4),連分数について学ぶ(A-3,A-4),連分数と2次無理数の関係性について学ぶ(A-3,A-4),p進法について学ぶ(A-3,A-4),割り算の余りと合同式の関係について学ぶ(A-3,A-4),群について学ぶ,置換について学ぶ(A-3,A-4),準同型写像について学ぶ(A-3,A-4),群の同型について学ぶ(A-3,A-4),期末試験（これまでの講義内容を振り返り，授業内容の理解を含める）と解説"
ダイバーシティ＆インクルージョン,,石岡丈昇,2,1～4,文理学部,総合教育科目,前期,選択必修,対面授業（一部遠隔授業）,各教員が一回ずつの授業を担当するオムニバス科目,現代社会においてきわめて重要な取り組みである「ダイバーシティ、エクイティ＆インクルージョン（DEI）」について、その基本的な知識と態度を文理学部の多様な教員とともに学ぶ。,「ダイバーシティ、エクイティ＆インクルージョン（DEI）」についての基本的な知識を学び、この観点からの社会変革を実現するための姿勢と方法を身につける。,講義、講究、オムニバス,対面授業とオンライン授業を併用する。それぞれの教員の指示に従うこと。,,担当各教員が必要なテキストを指示しますので、それに従って下さい。,使用しない,授業参画度:各教員の採点を総合して評価する(100%),各教員に連絡して予約すること,"「ガイダンス——なぜダイバーシティを大学で学ぶ必要があるのか」,「ジェンダー視点で現代社会を歴史的にとらえる」,「ジェンダーとは何か――身体・規範・政治を読み解く」,「ジェンダード・イノベーションとは何か」,「植物の性の多様性＆生物多様性について」,「アファーマティブ・アクションと多様性の価値」,「少子高齢社会とダイバーシティ」,「ただ優しい日本人のままでいいのですか」,「現代文学の中の性的マイノリティ」,「学校教育における多文化共生を考える」,「スポーツ界の人材育成の視点から見た「ダイバーシティ」」,「共生社会のあり方を考える」,「情報社会におけるアクセシビリティ」,「みんなでプログラミング」,「本授業の総括：ダイバーシティをめぐる理論と実践のさらなる展開へ」"
スポーツ文化論,スポーツ文化論,城間修平,2,1～4,文理学部,総合教育科目,後期,選択,遠隔授業（同時双方向型）,同時双方向型授業(Zoomによるライブ中継)や課題研究（Canvas LMSを通じた学習資料配信）を利用して行う。,＜スポーツの過去・現在・未来＞,スポーツ文化を説明できる。,講義,授業の形式：【講義】,なし,使用せず,渡 正 『障害者スポーツの臨界点』 新評論 ２０１２年 第初版,レポート:課題レポート(50%)、授業内テスト:各授業時の小テストも含む(50%),メールにて随時対応する。,"ガイダンス（授業のテーマや到達目標及び授業の方法について説明する）,近代スポーツの成立と発展,メディア化するスポーツ,消費文化としてのスポーツ,スポーツとジェンダー,スポーツをする身体（A-1）（A-2）,生活からスポーツへ,スポーツと教育,スポーツと地域社会,職業としてのスポーツ,スポーツ・ファンの文化,第2回近代スポーツの成立と発展/第3回メディア化するスポーツ/第4回消費文化としてのスポーツについての確認・総括,第5回スポーツとジェンダー/第6回スポーツをする身体/第7回目生活からスポーツへについての確認・総括,第8回スポーツと教育/第9回スポーツと身体/第10回職業としてのスポーツについての確認・総括,これまでの復習・解説を行い授業の理解を深める"
スポーツ文化論,スポーツ文化論,城間修平,2,1～4,文理学部,総合教育科目,前期,選択,遠隔授業（同時双方向型）,同時双方向型授業(Zoomによるライブ中継)や課題研究（Canvas LMSを通じた学習資料配信）を利用して行う。,＜スポーツの過去・現在・未来＞,スポーツ文化を説明できる。,講義,授業の形式：【講義】,なし,使用せず,渡 正 『障害者スポーツの臨界点』 新評論 ２０１２年 第初版,レポート:課題レポート(50%)、授業内テスト:各授業時の小テストも含む(50%),メールにて随時対応する。,"ガイダンス（授業のテーマや到達目標及び授業の方法について説明する）,近代スポーツの成立と発展,メディア化するスポーツ,消費文化としてのスポーツ,スポーツとジェンダー,スポーツをする身体（A-1）（A-2）,生活からスポーツへ,スポーツと教育,スポーツと地域社会,職業としてのスポーツ,スポーツ・ファンの文化,第2回近代スポーツの成立と発展/第3回メディア化するスポーツ/第4回消費文化としてのスポーツについての確認・総括,第5回スポーツとジェンダー/第6回スポーツをする身体/第7回目生活からスポーツへについての確認・総括,第8回スポーツと教育/第9回スポーツと身体/第10回職業としてのスポーツについての確認・総括,これまでの復習・解説を行い授業の理解を深める"
国際経済論,国際経済論,前野高章,2,1～4,文理学部,総合教育科目,後期,選択,対面授業,,グローバル化の進展に伴い，国際貿易の拡大や海外直接投資が経済に与える影響は非常に大きいものとなっている。本講義では国際経済の発展過程をたどり，戦後の世界経済発展の歴史，国際分業の基礎理論としての絶対優位論と比較優位論，近代貿易理論，新貿易理論，「新」新貿易理論を学修し，グローバル経済の進展および国際経済問題を理解する土台を作り上げることを目標とする。,本講の目的は、授業概要に記した重要項目の基本を理解し、履修生が現実の国際経済に関する問題を自ら考える力を養うことにある。,講義,本講義は原則として教科書や参考書等をもとに，パワーポイント等の資料で授業を進める。講義だけの学修では分からない内容については，教科書や参考書などからも学修し，繰り返し学修をすること。配布資料や講義内容をもとに自分のノートを作成し，事前・事後学習に使用すること。,履修者数によってはCHIPSによる抽選を行うことがある。,井尻直彦・羽田翔・前野高章・陸亦群 『国際経済学入門』 文眞堂 2023年 第1版,石川城太・椋寛・菊地徹 『国際経済学をつかむ』 有斐閣 2013年 第2版,授業内テスト:複数回の小テストおよび講義最終回の確認テストから評価する。(70%)、授業参画度:複数回のリアクションペーパー等で評価する。(30%),毎回の講義後に質問等を受け付ける時間を設ける。,"講義の進め方および国際経済論とはどのような学問であるのかについて（A-2-1）（A-3-1）（A-4-1）,現在の国際貿易の特徴：貿易データを用いて，近年の国際貿易の特徴について（A-2-1）（A-3-1）（A-4-1）,グローバル経済の成り立ち：世界経済の生成と発展について（A-2-1）（A-3-1）（A-4-1）,貿易の利益：国際貿易の基本理論について（A-2-1）（A-3-1）（A-4-1）,古典派の貿易理論：絶対優位論，比較優位論について（A-2-1）（A-3-1）（A-4-1）,新古典派の貿易理論：H-O理論について（A-2-1）（A-3-1）（A-4-1）,近代的貿易理論：レオンチェフの逆説やリンダ―理論について（A-2-1）（A-3-1）（A-4-1）,海外直接投資と多国籍企業：国際的な生産要素の移動について（A-2-1）（A-3-1）（A-4-1）,新貿易理論：国際貿易の成長と産業内貿易について（A-2-1）（A-3-1）（A-4-1）,産業内貿易と規模の経済性：独占的競争の国際貿易モデルについて（A-2-1）（A-3-1）（A-4-1）,産業内貿易と製品差別化：水平的産業内貿易と垂直的産業内貿易について（A-2-1）（A-3-1）（A-4-1）,国際貿易と企業：現代の国際貿易理論について（A-2-1）（A-3-1）（A-4-1）,東アジアの生産ネットワーク：GVCs(Global Value Chains)の特徴について（A-2-1）（A-3-1）（A-4-1）,現代の国際経済：現代の通商政策の特徴について（A-2-1）（A-3-1）（A-4-1）,総まとめ（A-2-1）（A-3-1）（A-4-1）"
国際経済論,国際経済論,前野高章,2,1～4,文理学部,総合教育科目,前期,選択,対面授業,,グローバル化の進展に伴い，国際貿易の拡大や海外直接投資が経済に与える影響は非常に大きいものとなっている。本講義では国際経済の発展過程をたどり，戦後の世界経済発展の歴史，国際分業の基礎理論としての絶対優位論と比較優位論，近代貿易理論，新貿易理論，「新」新貿易理論を学修し，グローバル経済の進展および国際経済問題を理解する土台を作り上げることを目標とする。,本講の目的は、授業概要に記した重要項目の基本を理解し、履修生が現実の国際経済に関する問題を自ら考える力を養うことにある。,講義,本講義は原則として教科書や参考書等をもとに，パワーポイント等の資料で授業を進める。講義だけの学修では分からない内容については，教科書や参考書などからも学修し，繰り返し学修をすること。配布資料や講義内容をもとに自分のノートを作成し，事前・事後学習に使用すること。,授業開始前にCHIPSによる抽選を行う科目です。,井尻直彦・羽田翔・前野高章・陸亦群 『国際経済学入門』 文眞堂 2023年 第1版,石川城太・椋寛・菊地徹 『国際経済学をつかむ』 有斐閣 2013年 第2版,授業内テスト:複数回の小テストおよび講義最終回の確認テストから評価する。(70%)、授業参画度:複数回のリアクションペーパー等で評価する。(30%),毎回の講義後に質問等を受け付ける時間を設ける。,"講義の進め方および国際経済論とはどのような学問であるのかについて（A-2-1）（A-3-1）（A-4-1）,現在の国際貿易の特徴：貿易データを用いて，近年の国際貿易の特徴について（A-2-1）（A-3-1）（A-4-1）,グローバル経済の成り立ち：世界経済の生成と発展について（A-2-1）（A-3-1）（A-4-1）,貿易の利益：国際貿易の基本理論について（A-2-1）（A-3-1）（A-4-1）,古典派の貿易理論：絶対優位論，比較優位論について（A-2-1）（A-3-1）（A-4-1）,新古典派の貿易理論：H-O理論について（A-2-1）（A-3-1）（A-4-1）,近代的貿易理論：レオンチェフの逆説やリンダ―理論について（A-2-1）（A-3-1）（A-4-1）,海外直接投資と多国籍企業：国際的な生産要素の移動について（A-2-1）（A-3-1）（A-4-1）,新貿易理論：国際貿易の成長と産業内貿易について（A-2-1）（A-3-1）（A-4-1）,産業内貿易と規模の経済性：独占的競争の国際貿易モデルについて（A-2-1）（A-3-1）（A-4-1）,産業内貿易と製品差別化：水平的産業内貿易と垂直的産業内貿易について（A-2-1）（A-3-1）（A-4-1）,国際貿易と企業：現代の国際貿易理論について（A-2-1）（A-3-1）（A-4-1）,東アジアの生産ネットワーク：GVCs(Global Value Chains)の特徴について（A-2-1）（A-3-1）（A-4-1）,現代の国際経済：現代の通商政策の特徴について（A-2-1）（A-3-1）（A-4-1）,総まとめ（A-2-1）（A-3-1）（A-4-1）"
データアナリティクス,,大川内隆朗,2,1～4,文理学部,総合教育科目,後期,選択,対面授業（一部遠隔授業）,,これからのビックデータ時代に、文系・理系の学生を問わずに必要とされるデータの分析手法について、BIツール「Exploratory」を用いた実践をを通して学修する。,本科目は、AI・データサイエンス時代におけるデータ分析について、統計的な知識とスキルに加え、BIツールを活用した実践力を身に付けること目的とする。,講義、実習,PC教室における演習を中心とする授業とする。,,使用しない,使用しない,レポート(50%)、毎週の小テストおよび小課題(50%),授業の中で提示する。,"ガイダンス(A-3-1)(A-4-1)(A-5-1),データの読込(A-3-1)(A-4-1)(A-5-1),表による可視化(A-3-1)(A-4-1)(A-5-1),グラフによる可視化（基礎）(A-3-1)(A-4-1)(A-5-1),グラフによる可視化（応用）(A-3-1)(A-4-1)(A-5-1),データの分布(A-3-1)(A-4-1)(A-5-1),データの収集と前処理(A-3-1)(A-4-1)(A-5-1),データの集計法(A-3-1)(A-4-1)(A-5-1),中間レポート課題(A-3-1)(A-4-1)(A-5-1),データ分析と生成AI(A-3-1)(A-4-1)(A-5-1),AIを活用した分析（基礎）(A-3-1)(A-4-1)(A-5-1),AIを活用した分析（応用）(A-3-1)(A-4-1)(A-5-1),テキストデータの分析(A-3-1)(A-4-1)(A-5-1),データの可視化とコミュニケーション(A-3-1)(A-4-1)(A-5-1),期末レポート課題(A-3-1)(A-4-1)(A-5-1)"
